Dept,#,Sec,Term Part,CRN,TITLE,Approval Required,Cross Listed,Max Enroll,Actual Enroll,Faculty,Credits,Days1,Time1,Loc1,Days2,Time2,Loc2,Days3,Time3,Loc3,Notes
ACC,101,1,1,10471,ACCOUNTING I,,,38,0,Noel Garrett,4,M R,1530-1645,REMOTE,,-,,,-,,.
ACC,201,1,1,10472,ACCOUNTING II,,,38,0,Noel Garrett,4,T F,1530-1645,REMOTE,,-,,,-,,.
AFR,103,1,1,10617,AFRICAN CIVILIZATIONS TO 1870,,Y,38,0,,4,T R,1715-1830,,,-,,,-,,.
AFR,104,1,1,10784,CHILD RIGHTS/PUBLIC POLICY,,Y,35,0,Rashelle Litchmore,4,T F,1015-1130,REMOTE,,-,,,-,,.
AFR,114,1,1,10677,INTRODUCTION TO HIP HOP DANCE,,Y,15,0,Shakia Johnson,4,T R,1715-1830,CRO MYERS,,-,,,-,,.
AFR,165,1,1,10368,AFRO-CARIBBEAN DANCE I,,Y,15,0,Rosemarie Roberts,4,M R,1015-1130,CRO MYERS,,-,,,-,,.
AFR,165,2,1,10679,AFRO-CARIBBEAN DANCE I,,Y,15,0,Rosemarie Roberts,4,M R,1200-1315,CRO MYERS,,-,,,-,,.
AFR,209,1,1,10658,INTERSECT IDENT IN U.S. FILM,,Y,20,0,Linnea Hussein,4,M W,1715-1830,REMOTE,,-,,,-,,.
AFR,214,1,1,10685,HIP HOP DANCE II,,Y,15,0,Shakia Johnson,4,T R,1900-2015,CRO MYERS,,-,,,-,,.
AFR,224,1,2,10599,"HUMAN RIGHTS, MEDIA & ACTIVISM",,Y,28,0,Tristan Borer,4,T F,1345-1645,REMOTE,,-,,,-,,.
AFR,230,1,1,10831,THE DAY BEYONCE TURNED BLACK,,Y,28,0,Jamil Jorge,4,M W,1900-2015,REMOTE,,-,,,-,,.
AFR,237,1,1,10871,INQUIRY IN BLACK,,Y,25,0,Cherise Harris,4,T R,1715-1830,REMOTE,,-,,,-,,.
AFR,245,1,1,10629,MOD AFRICAN HIST:1870-PRESENT,,Y,28,0,,4,M R,1215-1315,,,-,,,-,,.
AFR,252,1,1,10695,LATINO USA: US LATINX CULTURES,,Y,18,0,Jennifer Rudolph,4,T R,1900-2015,REMOTE,,-,,,-,,.
AFR,262,1,1,10734,WEST AFRICAN DANCE II,,Y,15,0,Shani Collins-Achille,4,T F,1200-1315,CRO MYERS,,-,,,-,,.
AFR,266,1,3,10846,GREAT MIGRATION & ITS LEGACY,,Y,28,0,Taylor Desloge,4,M R,1015-1315,,,-,,,-,,.
AFR,315,1,1,10785,"MEDIA, SELF, AND SOCIETY",,Y,18,0,Sunil Bhatia,4,M R,1015-1130,REMOTE,,-,,,-,,.
AFR,367,1,1,10859,HIST/POL OF RACISM/PUBL HEALTH,,Y,16,0,Taylor Desloge,4,T F,1015-1130,,,-,,,-,,.
AFR,379,1,1,10586,BLACK POETICS,,Y,18,0,Hubert Cook,4,W,0830-1130,REMOTE,,-,,,-,,.
AFR,416,1,1,10779,CONTROVERSIES IN MENTAL HEALTH,,Y,15,0,Nakia Hamlett,4,M R,0830-0945,REMOTE,,-,,,-,,.
AFR,435,1,1,10850,SEGREGATION IN AMERICA,,Y,16,0,Taylor Desloge,4,W,0830-0845,,F,1715-1830,,,-,,.
ASL,101,1,1,10006,ELEM AMERICAN SIGN LANGUAGE I,,,28,0,Alison Wetmur,4,M R,1015-1130,,,-,,,-,,.
AMS,102,1,1,10619,AFRICAN CIVILIZATIONS TO 1870,,Y,38,0,,4,T R,1715-1830,,,-,,,-,,.
AMS,209,1,1,10660,INTERSECT IDENT IN U.S. FILM,,Y,20,0,Linnea Hussein,4,M W,1715-1830,REMOTE,,-,,,-,,.
AMS,215,1,2,10622,POLIT/CULT IN U.S. SINCE 1945,,Y,25,0,,4,T R,1715-2015,,,-,,,-,,.
AMS,231,1,1,10503,USA PLAYS/AMERICAN DRAMA,,Y,18,0,Ken Prestininzi,4,T F,1015-1130,,,-,,,-,,.
AMS,232,1,1,10589,DISABILITY JUSTICE,,Y,25,0,Karen Hanna,4,M W,2045-2200,REMOTE,,-,,,-,,.
AMS,253,1,1,10113,CHINESE AMERICAN LITERATURE,,Y,28,0,Yibing Huang,4,M R,1530-1645,REMOTE,,-,,,-,,.
AMS,267,1,3,10847,GREAT MIGRATION & ITS LEGACY,,Y,28,0,Taylor Desloge,4,M R,1015-1315,,,-,,,-,,.
AMS,276,1,1,10601,CC:PRESIDNCY:WHITE HOUSE 20500,,Y,28,0,MaryAnne Borrelli,4,M W,1715-1830,REMOTE,,-,,,-,,.
AMS,354,1,3,10854,THE REAGAN REVOL:AMER CONSERV,,Y,16,0,. To Be Assigned,4,T,1715-2015,,,-,,,-,,.
AMS,367,1,1,10857,HIST/POL OF RACISM/PUBL HEALTH,,Y,16,0,Taylor Desloge,4,T F,1015-1130,,,-,,,-,,.
AMS,379,1,1,10585,BLACK POETICS,,Y,18,0,Hubert Cook,4,W,0830-1130,REMOTE,,-,,,-,,.
AMS,428,1,1,10095,DEBATING CHINA'S GLOBALIZATION,,Y,16,0,Sarah Queen,4,M R,1015-1130,REMOTE,,-,,,-,,.
AMS,435,1,1,10851,SEGREGATION IN AMERICA,,Y,16,0,Taylor Desloge,4,W,0830-0945,,F,1715-1830,,,-,,.
AMS,465,1,1,10098,GLOBALZTN & AM CUL SINCE 1945,,Y,16,0,Catherine Stock,4,W S,1345-1500,,,-,,,-,,.
ANT,103,1,1,10520,"GENDER, SEXUALITY, AND INTESEC",,Y,17,0,Karen Hanna,4,M W,1715-1830,REMOTE,,-,,,-,,.
ANT,103,2,1,10787,"GENDER, SEXUALITY, AND INTESEC",,Y,17,0,Karen Hanna,4,M W,1900-2015,REMOTE,,-,,,-,,.
ANT,114,1,1,10258,CC: POWER AND INEQUALITY,,,16,0,Joyce Bennett,4,M R,1015-1130,REMOTE,,-,,,-,,.
ANT,114,2,1,10260,CC: POWER AND INEQUALITY,,,16,0,Joyce Bennett,4,M R,1200-1315,REMOTE,,-,,,-,,.
ANT,114,3,1,10668,CC: POWER AND INEQUALITY,,,16,0,Joyce Bennett,4,T F,1015-1130,REMOTE,,-,,,-,,.
ANT,117,1,1,10304,CC:COEVOLUTION PLANTS & PEOPLE,,Y,28,0,Manuel Lizarralde,4,T F,0830-0945,REMOTE,,-,,,-,,.
ANT,166,1,1,10369,AFRO-CARIBBEAN DANCE I,,Y,15,0,Rosemarie Roberts,4,M R,1015-1130,CRO MYERS,,-,,,-,,.
ANT,166,2,1,10680,AFRO-CARIBBEAN DANCE I,,Y,15,0,Rosemarie Roberts,4,M R,1200-1315,CRO MYERS,,-,,,-,,.
ANT,206,1,1,10062,INTRODUCTION TO AFRICAN ART,,Y,35,0,Christopher Steiner,4,T F,1530-1645,,,-,,,-,,.
ANT,207,1,1,10602,SEM: INDIG USE TROP RAINFOREST,,Y,12,0,Manuel Lizarralde,4,R,1346-1645,REMOTE,,-,,,-,,.
ANT,226,1,1,10811,LANGUAGE IN CULTURE,,Y,28,0,Petko Ivanov,4,T F,1530-1645,,,-,,,-,,.
ANT,234,1,1,10311,S AMER CULTURES & ENVIRONMENT,,Y,24,0,Manuel Lizarralde,4,M R,1715-1830,REMOTE,,-,,,-,,.
ANT,256,1,1,10508,“MIGRATION CRISIS” IN EUROPE,,Y,28,0,Catherine Benoit,4,M R,0830-0945,REMOTE,,-,,,-,,.
ANT,316,1,1,10117,SEX AND POWER IN JAPAN,,Y,28,0,Ayako Takamori,4,T F,1345-1500,REMOTE,,-,,,-,,.
ANT,319,1,1,10274,MEDICAL ANTHROPOLOGY,,,28,0,Catherine Benoit,4,M R,1345-1500,REMOTE,,-,,,-,,.
ANT,393,1,1,10278,DISCARD(-ERS)(-ING)(-ABLES),,Y,18,0,Anthony Graesch,4,T F,1530-1645,REMOTE,,-,,,-,,.
ARA,102,1,1,10039,ELEMENTARY ARABIC,,,18,0,Waed Athamneh,5,M,1200-1500,,,-,,,-,,.
ARA,202,1,1,10040,INTERMEDIATE ARABIC,,,18,0,Waed Athamneh,4,T F,1345-1500,,,-,,,-,,.
ARA,230,1,1,10479,INTRO TO ARABIC LIT (IN ENG),,,28,0,Waed Athamneh,4,T F,1015-1130,,,-,,,-,,.
ARC,205,1,3,10649,JAPANESE ART & ARCHITECTURE,,Y,20,0,Di Luo,4,MT RF,1345-1500,,,-,,,-,,.
ARC,342,1,1,10072,"ARCH DESIGN,II:SELECTED TOPICS",,Y,12,0,Bill Pollack,4,M,1900-2200,REMOTE,,-,,,-,,.
ART,101,1,1,10240,CONCEPTS IN TWO DIMENSIONS,,,18,0,Timothy McDowell,4,M R,1015-1130,REMOTE,,-,,,-,,.
ART,103,1,1,10241,DESIGN: VISUAL LANGUAGE,,,16,0,Andrea Wollensak,4,T F,1015-1130,REMOTE,,-,,,-,,.
ART,104,1,1,10242,CC:TIME-BASED DIGITAL ART,,Y,16,0,Nadav Assor,4,M,1530-1830,,W,1530-1645,,,-,,.
ART,106,1,1,10244,CC: THE MAKING MAKER,,,14,0,Greg Bailey,4,W,1015-1130,,S,1200-1315,,,-,,.
ART,200B,1,1,10700,DIGITAL PHOTOGRAPHY,,,16,0,Amanda Wallace,4,M R,1015-1315,REMOTE,,-,,,-,,.
ART,204,1,1,10246,PRINT WKSHP: RELIEF PROCESS,,,12,0,Timothy McDowell,4,M R,1200-1315,REMOTE,,-,,,-,,.
ART,206,1,1,10816,3-D FUND: REDUCTV/CONSTRUCTV,,,16,0,Pamela Marks,4,T F,1200-1315,CUM 310,,-,,,-,,.
ART,207,1,1,10248,DESIGN: TYPE AND IMAGE,,,16,0,Andrea Wollensak,4,M R,0830-0945,REMOTE,,-,,,-,,.
ART,209,1,1,10249,DESIGNING VISUAL INFORMATION,,Y,16,0,Andrea Wollensak,4,M R,1530-1645,REMOTE,,-,,,-,,.
ART,210,1,1,10250,CC: DECODING COLOR,,,16,0,Pamela Marks,4,T F,0830-0945,REMOTE,,-,,,-,,.
ART,214,1,1,10252,VIDEO INSTALLATION,,Y,12,0,. To Be Assigned,4,W,0830-0945,REMOTE,W,1015-1130,REMOTE,,-,,.
ART,215,1,1,10254,3D:SCAN/MODEL/ANIMATE/PRINT,,Y,8,0,Nadav Assor,4,T F,1015-1315,,,-,,,-,,.
ART,217,1,1,10256,CERAMIC SCULPT:VESSEL CONSTRUC,,,8,0,Denise Pelletier,4,T F,1200-1500,,,-,,,-,,.
ART,222D,1,1,10763,SPEC TOPICS:CLAY IN ARCHICTRE,,,10,0,Denise Pelletier,4,T R,1715-2015,,,-,,,-,,.
ART,251,1,1,10817,POLITICS OF PAINTING PEOPLE,,,12,0,Chris Barnard,4,T,1530-1645,,F,1530-1830,,,-,,.
ART,300,1,1,10762,ADVANCED PHOTOGRAPHY,,,10,0,Amanda Wallace,4,M R,1345-1500,REMOTE,,-,,,-,,.
ART,335F,1,1,10261,INDIV STUDIO INSTRUCTION I,Y,,5,0,Timothy McDowell,4,,-,,,-,,,-,,.
ART,342,1,1,10073,"ARCH DESIGN,II:SELECTED TOPICS",,Y,12,0,Bill Pollack,4,M,1900-2200,REMOTE,,-,,,-,,.
ART,450A,1,1,10263,SENIOR STUDIO,,,18,0,Nadav Assor,4,,-,,,-,,,-,,.
ART,450B,1,1,10265,SENIOR STUDIO,,,18,0,Greg Bailey,4,,-,,,-,,,-,,.
ART,450C,1,1,10266,SENIOR STUDIO,,,18,0,Chris Barnard,4,,-,,,-,,,-,,.
ART,450D,1,1,10267,SENIOR STUDIO,,,18,0,Pamela Marks,4,,-,,,-,,,-,,.
ART,450E,1,1,10268,SENIOR STUDIO,,,18,0,Timothy McDowell,4,,-,,,-,,,-,,.
ART,450F,1,1,10269,SENIOR STUDIO,,,18,0,Denise Pelletier,4,,-,,,-,,,-,,.
ART,450G,1,1,10270,SENIOR STUDIO,,,18,0,Andrea Wollensak,4,,-,,,-,,,-,,.
AHI,101,1,1,10054,"SURVEY OF THE HIST OF ART, I",,,38,0,Joseph Alchermes,4,T F,1015-1130,REMOTE,,-,,,-,,.
AHI,104,1,2,10642,INTRODUCTION TO ASIAN ART,,Y,24,0,Di Luo,4,MT RF,1200-1315,,,-,,,-,,.
AHI,104,2,3,10644,INTRODUCTION TO ASIAN ART,,Y,24,0,Di Luo,4,MT RF,1200-1315,,,-,,,-,,.
AHI,105,1,2,10059,CC: MONA LISA TO INSTAGRAM,,,24,0,Karen Gonzalez Rice,4,W,0830-1130,REMOTE,S,1015-1315,REMOTE,,-,,.
AHI,105,2,3,10646,CC: MONA LISA TO INSTAGRAM,,,24,0,Karen Gonzalez Rice,4,W,0830-1130,REMOTE,S,1015-1315,REMOTE,,-,,.
AHI,105F,1,1,10060,ART IN ASL,,,18,0,. To Be Assigned,1,,-,REMOTE,,-,,,-,,.
AHI,110,1,1,10647,DREAMS AND VISIONS,,,28,0,Robert Baldwin,4,M R,1015-1130,REMOTE,,-,,,-,,.
AHI,205,1,3,10648,JAPANESE ART & ARCHITECTURE,,Y,20,0,Di Luo,4,MT RF,1345-1500,,,-,,,-,,.
AHI,206,1,1,10061,INTRODUCTION TO AFRICAN ART,,Y,35,0,Christopher Steiner,4,T F,1530-1645,REMOTE,,-,,,-,,.
AHI,227,1,1,10651,FRENCH REVOLUTION/ROMANTICISM,,,28,0,Robert Baldwin,4,M W,1715-1830,REMOTE,,-,,,-,,.
AHI,232,1,1,10652,HIGH RENAISSANCE ART IN ITALY,,,35,0,Robert Baldwin,4,T R,1715-1830,REMOTE,,-,,,-,,.
AHI,283,1,1,10068,MUSEUM EDUCATION,,,25,0,David Rau,4,W,1345-1645,REMOTE,,-,,,-,,.
AHI,413,1,1,10070,ISLAMIC ART: WORD AND IMAGE,,,16,0,Joseph Alchermes,4,R,1345-1645,REMOTE,,-,,,-,,.
AHI,496,1,1,10071,MUSEUM STUDIES SENIOR PROJECT,Y,,16,0,Christopher Steiner,4,S,1345-1645,REMOTE,,-,,,-,,.
AT,104,1,1,10243,CC:TIME-BASED DIGITAL ART,,Y,16,0,Nadav Assor,4,M,1530-1830,,W,1530-1645,,,-,,.
AT,201,1,1,10540,HIST OF ARTS & TECHNOLOGY,,,15,0,Rachel Boggia,4,W,1345-1500,,M,1715-1830,,,-,,.
AT,209,1,1,10251,DESIGNING VISUAL INFORMATION,,Y,16,0,Andrea Wollensak,4,M R,1530-1645,REMOTE,,-,,,-,,.
AT,214,1,1,10253,VIDEO INSTALLATION,,Y,12,0,. To Be Assigned,4,W,0830-0945,REMOTE,W,1015-1130,REMOTE,,-,,.
AT,215,1,1,10255,3D:SCAN/MODEL/ANIMATE/PRINT,,Y,8,0,Nadav Assor,4,T F,1015-1315,,,-,,,-,,.
AT,217,1,1,10663,ENTERTAINMENT SOFTWARE DESIGN,,Y,18,0,S. James Lee,4,M R,1015-1130,REMOTE,,-,,,-,,.
AT,304,1,1,10344,THE ELECTRONIC MUSICIAN,,Y,15,0,Andrew Greenwald,4,T F,1345-1500,,,-,,,-,,.
AT,312,1,1,10220,DIGITAL SOUND PROCESSING,,Y,18,0,Ozgur Izmirli,4,M R,1530-1645,REMOTE,,-,,,-,,.
AT,402,1,1,10539,AMMERMAN SENIOR SEMINAR,,,16,0,Stephen Luber,2,M,1715-1830,REMOTE,,-,,,-,,.
AST,110,1,1,10102,BEYOND THE SOLAR SYSTEM,,,38,0,Leslie Brown,4,T R,1015-1130,,,-,,,-,,.
AST,110,2,1,10665,BEYOND THE SOLAR SYSTEM,,,38,0,Leslie Brown,4,M W,1900-2200,,,-,,,-,,.
AST,201,1,1,10103,INTRO TO ASTROPHYSICS,,,28,0,Michael Weinstein,4,,-,REMOTE,,-,,,-,,.
BIO,120C,1,1,10158,INTRO TO BIOLOGICAL INQUIRY,,,18,0,E. Carla Parker-Athill,4,T F,1015-1130,REMOTE,M,1345-1645,,,-,,.
BIO,120D,1,1,10159,INTRO TO BIOLOGICAL INQUIRY,,,18,0,Stephen Douglass,4,M,1015-1315,REMOTE,R,1015-1130,REMOTE,,-,,.
BIO,120G,1,1,10160,INTRO TO BIOLOGICAL INQUIRY,,,18,0,Phillip Barnes,4,T,0830-0945,,F,0830-1130,,,-,,.
BIO,120H,1,1,10774,INTRO TO BIOLOGICAL INQUIRY,,,18,0,Maria Rosa,4,M R,1345-1645,REMOTE,,-,,,-,,.
BIO,202,1,1,10161,HUMAN PHYSIOLOGY,,,36,0,. To Be Assigned,4,M W,1715-1830,REMOTE,,-,,,-,,.
BIO,202L,1,1,10162,HUMAN PHYSIOLOGY LAB,,,18,0,. To Be Assigned,0,T,1715-2015,REMOTE,,-,,,-,,.
BIO,202L,2,1,10163,HUMAN PHYSIOLOGY LAB,,,18,0,. To Be Assigned,0,R,1715-2015,REMOTE,,-,,,-,,.
BIO,203,1,1,10164,BIOINFORMATICS,,Y,18,0,Stephen Douglass,4,M R,1345-1500,REMOTE,,-,,,-,,.
BIO,209,1,1,10166,CELLS AND MOLECULES,,,32,0,Deborah Eastman,4,T F,1015-1130,,,-,,,-,,.
BIO,209L,1,1,10167,CELLS AND MOLECULES LAB,,,16,0,Deborah Eastman,0,M,1900-2200,OLIN 311,M,1900-2200,OLIN 313,,-,,.
BIO,209L,2,1,10168,CELLS AND MOLECULES LAB,,,16,0,Deborah Eastman,0,T,1200-1500,OLIN 311,T,1200-1500,OLIN 313,,-,,.
BIO,210,1,1,10169,ECOLOGY AND EVOLUTION,,,32,0,Taegan McMahon,4,M R,0830-0945,,,-,,,-,,.
BIO,210L,1,1,10170,ECOLOGY AND EVOLUTION LAB,,,16,0,Taegan McMahon,0,M,1015-1315,OLIN 311,M,1015-1315,OLIN 313,,-,,.
BIO,210L,2,1,10171,ECOLOGY AND EVOLUTION LAB,,,16,0,Taegan McMahon,0,R,1345-1645,OLIN 311,R,1345-1645,OLIN 313,,-,,.
BIO,214,1,1,10172,BIOPSYCHOLOGY,,Y,38,0,Ruth Grahn,4,M W,1715-1830,REMOTE,,-,,,-,,.
BIO,215,1,1,10466,INVERTEBRATE BIOLOGY,,,16,0,Niels-Viggo Hobbs,4,M W,1715-1830,,,-,,,-,,.
BIO,215L,1,1,10467,INVERTEBRATE BIOLOGY LAB,,,16,0,Niels-Viggo Hobbs,0,T,1345-1635,,,-,,,-,,.
BIO,235,1,2,10769,BIOLOGICAL STATISTICS,,Y,16,0,Yan Zhuang Maria Rosa,4,T R,1715-2015,REMOTE,,-,,,-,,.
BIO,301,1,1,10841,GENETICS,,,28,0,Kris Hardeman,4,T F,0830-0945,,,-,,,-,,.
BIO,301L,1,1,10842,GENETICS LAB,,,14,0,Kris Hardeman,0,W,1345-1645,OLIN 313,W,1345-1645,OLIN 311,,-,,.
BIO,301L,2,1,10843,GENETICS LAB,,,14,0,Kris Hardeman,0,F,1345-1645,OLIN 313,F,1345-1645,OLIN 311,,-,,.
BIO,309,1,1,10468,MOLECULAR CELL BIOLOGY,,,24,0,. To Be Assigned,4,T F,0830-0945,,,-,,,-,,.
BIO,309L,1,1,10469,MOLECULAR CELL BIOL LAB,,,12,0,. To Be Assigned,0,T,1345-1645,,,-,,,-,,.
BIO,316,1,1,10176,NEUROPHYSIOLOGY,,Y,18,0,E. Carla Parker-Athill,4,M R,1015-1130,,,-,,,-,,.
BIO,316L,1,1,10578,NEUROPHYSIOLOGY LAB,,Y,18,0,E. Carla Parker-Athill,0,R,1345-1645,,,-,,,-,,.
BIO,322,1,1,10177,PSYCHOPHARMACOLOGY,,Y,16,0,Ruth Grahn,4,R,1345-1645,,T F,1530-1645,REMOTE,,-,,.
BIO,330,1,1,10178,MICROBIOLOGY,,,18,0,Sardha Suriyapperuma,4,M R,1015-1130,REMOTE,,-,,,-,,.
BIO,330L,1,1,10180,MICROBIOLOGY LAB,,,9,0,Sardha Suriyapperuma,0,T F,1015-1130,NLH 201,,-,,,-,,.
BIO,330L,2,1,10181,MICROBIOLOGY LAB,,,9,0,Sardha Suriyapperuma,0,T F,1200-1315,NLH 201,,-,,,-,,.
BIO,336,1,1,10182,NEUROBIOLOGY OF DISEASE,,Y,18,0,Joseph Schroeder,4,W,1345-1645,REMOTE,,-,,,-,,.
BIO,493G,1,1,10184,MOLECULAR EVOLUTION,,,16,0,Phillip Barnes,4,W,1345-1645,,,-,,,-,,.
BOT,114,1,1,10288,CC: BOTANY AND CLIMATE CHANGE,,,16,0,Pamela Hine,4,M W,1015-1130,REMOTE,,-,,,-,,.
BOT,114L,1,1,10297,PLANTS AND A CHANGING CLIMATE,,,8,0,Pamela Hine,0,M,1345-1645,NLH 112,,-,,,-,,.
BOT,114L,2,1,10301,PLANTS AND A CHANGING CLIMATE,,,8,0,Pamela Hine,0,T,1345-1645,NLH 112,,-,,,-,,.
BOT,117,1,1,10302,CC:COEVOLUTION PLANTS & PEOPLE,,Y,28,0,Manuel Lizarralde,4,T F,0830-0945,REMOTE,,-,,,-,,.
BOT,207,1,1,10307,SEM: INDIG USE TROP RAINFOREST,,Y,12,0,Manuel Lizarralde,4,R,1345-1645,REMOTE,,-,,,-,,.
BOT,215,1,1,10797,PLANT CELLS AND TISSUES,,,16,0,Page Owen,4,T F,1015-1130,,,-,,,-,,.
BOT,215L,1,1,10798,PLANT CELLS AND TISSUES LAB,,,7,0,Page Owen,0,W,1345-1500,NLH 201,,-,,,-,,.
BOT,215L,2,1,10799,PLANT CELLS AND TISSUES LAB,,,7,0,Page Owen,0,W,1530-1645,NLH 201,,-,,,-,,.
BOT,230,1,1,10309,ECOLOGICAL AGRICULTURE,,,14,0,Eric Vukicevich,4,F,1345-1645,NLH 201,T R,1715-1830,,,-,,.
BOT,234,1,1,10310,S AMER CULTURES & ENVIRONMENT,,Y,24,0,Eric Vukicevich,4,F,1345-1645,,T R,1715-1830,,,-,,.
BOT,493N,1,1,10313,BIOFUELS,,Y,16,0,Rachel Spicer,4,T R,1900-2015,REMOTE,,-,,,-,,.
CHM,100,1,1,10187,CC: CHEMISTRY IN CONTEXT,,,38,0,Emily Tarsis,4,T F,1015-1130,,,-,,,-,,.
CHM,104,1,1,10189,GENERAL CHEMISTRY,,,36,0,Marc Zimmer,5,M WR,0830-0945,,,-,,,-,,.
CHM,104,2,1,10653,GENERAL CHEMISTRY,,,36,0,Stanton Ching,5,T F,0830-0945,,S,1015-1130,,,-,,.
CHM,104L,1,1,10190,GENERAL CHEMISTRY LAB,,,12,0,Vicki Fontneau,0,M,1015-1315,REMOTE,,-,,,-,,.
CHM,104L,2,1,10196,GENERAL CHEMISTRY LAB,,,12,0,Marc Zimmer,0,M,1345-1645,,,-,,,-,,.
CHM,104L,3,1,10197,GENERAL CHEMISTRY LAB,,,12,0,Vicki Fontneau,0,T,1200-1500,REMOTE,,-,,,-,,.
CHM,104L,4,1,10198,GENERAL CHEMISTRY LAB,,,12,0,Bob Kyne,0,T,1715-2015,,,-,,,-,,.
CHM,104L,5,1,10199,GENERAL CHEMISTRY LAB,,,12,0,Vicki Fontneau,0,W,1345-1645,REMOTE,,-,,,-,,.
CHM,104L,6,1,10200,GENERAL CHEMISTRY LAB,,,12,0,Jacob Stewart,0,W,1715-2015,,,-,,,-,,.
CHM,214,1,1,10207,ANALYTICAL CHEMISTRY,,,12,0,Jacob Stewart,4,M R,1200-1315,,,-,,,-,,.
CHM,214L,1,1,10209,ANALYTICAL CHEMISTRY LAB,,,12,0,Jacob Stewart,0,F,1345-1645,,,-,,,-,,.
CHM,224,1,1,10210,ORGANIC CHEMISTRY,,,48,0,Timo Ovaska,5,M R,1015-1130,REMOTE,,-,,,-,,.
CHM,224L,1,1,10211,ORGANIC CHEMISTRY LAB,,,12,0,Emily Tarsis,0,M,1345-1645,,,-,,,-,,.
CHM,224L,2,1,10212,ORGANIC CHEMISTRY LAB,,,12,0,Timo Ovaska,0,T,1345-1645,,,-,,,-,,.
CHM,224L,3,1,10213,ORGANIC CHEMISTRY LAB,,,12,0,Bob Kyne,0,W,1345-1645,,,-,,,-,,.
CHM,224L,4,1,10214,ORGANIC CHEMISTRY LAB,,,12,0,Emily Tarsis,0,R,1715-2015,REMOTE,,-,,,-,,.
CHM,304,1,1,10218,BIOCHEMISTRY,,,24,0,Tanya Schneider,4,T F,0830-0945,REMOTE,,-,,,-,,.
CHM,304L,1,1,10219,BIOCHEMISTRY LAB,,,12,0,Katie Launer-Felty,0,R,1715-2015,,,-,,,-,,.
CHM,304L,2,1,10221,BIOCHEMISTRY LAB,,,12,0,Katie Launer-Felty,0,S,1015-1315,,,-,,,-,,.
CHM,414,1,1,10225,INSTRUMENTAL METH ANALYSIS,,,12,0,Stanton Ching,4,T F,1015-1130,,,-,,,-,,.
CHM,414L,1,1,10226,INSTRUMNT METH OF ANALYSIS LAB,,,12,0,Stanton Ching,0,W,1345-1645,,,-,,,-,,.
CHI,102,1,1,10074,INTENSIVE ELEM CHINESE,,,18,0,Tek-wah King,6,MT RF,0830-0945,,,-,,,-,,.
CHI,202,1,1,10075,INTENSIVE INTERMED CHINESE II,,,18,0,Tek-wah King,5,MT RF,1015-1130,,,-,,,-,,.
CHI,302,1,1,10076,UPPER INTERMED CHINESE,,,18,0,Marilyn Guerrera,4,M W,1715-1830,REMOTE,,-,,,-,,.
CHI,416,1,1,10582,CHINESE FOR THE PROFESSIONS,,,16,0,Marilyn Guerrera,4,M W,1900-2015,REMOTE,,-,,,-,,.
CLA,104,1,1,10041,CC: CLASSICAL MYTHOLOGY,,,38,0,Abbe Walker,4,M R,1345-1500,,,-,,,-,,.
CLA,300,1,1,10042,SELECT TOPICS IN CLASSICS,,,18,0,Tobias Myers,4,T F,0830-0945,REMOTE,,-,,,-,,.
CA,201,1,1,10514,FOUNDATIONS COMMUNITY ACTION,Y,,28,0,Ariella Rotramel Kimberly Sanchez Angela Barney,4,T F,1015-1130,REMOTE,,-,,,-,,.
CA,302,1,2,10513,JR COMMUNITY LEARNING SEM,Y,,28,0,Rebecca McCue Kimberly Sanchez,2,,-,REMOTE,,-,,,-,,.
CA,402,1,3,10512,SR SEM IN COMM ACT/PUB POLICY,Y,,28,0,Audrey Zakriski Rebecca McCue,2,,-,REMOTE,,-,,,-,,.
COM,110,1,1,10185,CC:INTRO COMP SCI & PROB SOLV,,,48,0,Christine Chung,4,M R,1345-1500,REMOTE,,-,,,-,,.
COM,110L,1,1,10186,INTRO COMP SCI/PROB SOLV LAB,,,20,0,Christine Chung,0,W,0930-1130,REMOTE,,-,,,-,,.
COM,110L,2,1,10188,INTRO COMP SCI/PROB SOLV LAB,,,28,0,Christine Chung,0,W,1345-1545,REMOTE,,-,,,-,,.
COM,203,1,1,10165,BIOINFORMATICS,,Y,18,0,Stephen Douglass,4,M R,1345-1500,REMOTE,,-,,,-,,.
COM,212,1,1,10192,DATA STRUCTURES,,,18,0,Gary Parker,4,T F,1015-1130,REMOTE,,-,,,-,,.
COM,212,2,1,10193,DATA STRUCTURES,,,18,0,William Tarimo,4,T F,1200-1315,REMOTE,,-,,,-,,.
COM,214,1,1,10194,WEB TECHNOLOGIES & DEVELOPMENT,,,18,0,William Tarimo,4,T F,1530-1645,REMOTE,,-,,,-,,.
COM,217,1,1,10662,ENTERTAINMENT SOFTWARE DESIGN,,Y,18,0,S. James Lee,4,M R,1015-1130,REMOTE,,-,,,-,,.
COM,219,1,1,10202,COMPUTER ORGANIZATION,,,18,0,Ozgur Izmirli,4,M R,1200-1315,REMOTE,,-,,,-,,.
COM,307,1,1,10195,MACHINE LEARN/DATA MINING,,,18,0,. To Be Assigned,4,M W,1900-2200,REMOTE,,-,,,-,,.
COM,312,1,1,10217,DIGITAL SOUND PROCESSING,,Y,18,0,Ozgur Izmirli,4,M R,1530-1645,REMOTE,,-,,,-,,.
COM,316,1,1,10664,ARTIFICIAL INTELLIGENCE,,,18,0,Gary Parker,4,T F,1345-1500,REMOTE,,-,,,-,,.
COM,496,1,1,10223,RESEARCH SEMINAR,,,15,0,S. James Lee,4,W,1530-1830,REMOTE,,-,,,-,,.
COM,496,2,1,10224,RESEARCH SEMINAR,,,15,0,Gary Parker,4,T,1900-2200,REMOTE,,-,,,-,,.
CRE,102,1,1,10819,INTR TO ASIAN AMERICAN STUDIES,,Y,38,0,Ayako Takamori,4,T F,1200-1315,REMOTE,,-,,,-,,.
CRE,103,1,1,10864,"GENDER, SEXUALITY, AND INTESEC",,Y,17,0,Karen Hanna,4,M W,1715-1830,REMOTE,,-,,,-,,.
CRE,103,2,1,10865,"GENDER, SEXUALITY, AND INTESEC",,Y,17,0,Karen Hanna,4,M W,1900-2015,REMOTE,,-,,,-,,.
CRE,165,1,1,10370,AFRO-CARIBBEAN DANCE I,,Y,15,0,Rosemarie Roberts,4,M R,1015-1130,CRO MYERS,,-,,,-,,.
CRE,165,2,1,10681,AFRO-CARIBBEAN DANCE I,,Y,15,0,Rosemarie Roberts,4,M R,1200-1315,CRO MYERS,,-,,,-,,.
CRE,209,1,1,10659,INTERSECT IDENT IN U.S. FILM,,Y,20,0,Linnea Hussein,4,M W,1715-1830,REMOTE,,-,,,-,,.
CRE,210,1,1,10686,ADV GRAMMAR/COMP BILINGUAL SPK,,Y,15,0,Jennifer Rudolph,4,T R,1715-1830,REMOTE,,-,,,-,,.
CRE,215,1,2,10624,POLIT/CULT IN U.S. SINCE 1945,,Y,25,0,,4,T R,1715-2015,,,-,,,-,,.
CRE,230,1,1,10844,THE DAY BEYONCE TURNED BLACK,,Y,28,0,Jamil Jorge,4,M W,1900-2015,REMOTE,,-,,,-,,.
CRE,231,1,1,10866,DISABILITY JUSTICE,,Y,25,0,Karen Hanna,4,M,2045-2200,REMOTE,,-,,,-,,.
CRE,237,1,1,10872,INQUIRY IN BLACK,,Y,25,0,Cherise Harris,4,T R,1715-1830,REMOTE,,-,,,-,,.
CRE,251,1,1,10698,LATINO USA: US LATINX CULTURES,,Y,18,0,Jennifer Rudolph,4,T R,1900-2015,REMOTE,,-,,,-,,.
CRE,253,1,1,10114,CHINESE AMERICAN LITERATURE,,Y,28,0,Yibing Huang,4,M R,1530-1645,REMOTE,,-,,,-,,.
CRE,266,1,3,10848,GREAT MIGRATION & ITS LEGACY,,Y,28,0,Taylor Desloge,4,M R,1015-1315,,,-,,,-,,.
CRE,306,1,1,10867,"LANGUAGE, NARRATIVE, AND SELF",,Y,18,0,Sunil Bhatia,4,M R,1345-1500,REMOTE,,-,,,-,,.
CRE,319,1,1,10815,LEATHER AND GLITT,,Y,18,0,Ariella Rotramel Denis Ferhatovic,4,T F,1200-1315,REMOTE,,-,,,-,,.
CRE,367,1,1,10860,HIST/POL OF RACISM/PUBL HEALTH,,Y,16,0,Taylor Desloge,4,T F,1015-1130,,,-,,,-,,.
CRE,420,1,1,10869,THE WOMAN'S BODY AFR LIT/CIN,,Y,16,0,Ramla Bedoui,4,M R,1345-1500,REMOTE,,-,,,-,,.
CRE,435,1,1,10852,SEGREGATION IN AMERICA,,Y,16,0,Taylor Desloge,4,W,0830-0945,,F,1715-1830,,,-,,.
DAN,101,1,1,10607,MOVERS & SHAKERS,,,8,0,Rachel Boggia,4,T F,1345-1500,CRO MYERS,,-,,,-,,.
DAN,102,1,1,10360,INTRODUCTION TO YOGA,,,50,0,Marya Ursin,1,T F,0830-0945,REMOTE,,-,,,-,,.
DAN,103,1,1,10361,PILATES,,,50,0,Alisha Bliss,1,W,1530-1645,REMOTE,,-,,,-,,.
DAN,114,1,1,10676,INTRODUCTION TO HIP HOP DANCE,,Y,15,0,Shakia Johnson,4,T R,1715-1830,CRO MYERS,,-,,,-,,.
DAN,125,1,1,10363,DANCE PRODUCTION,,,15,0,Shawn Hove,2,M,1900-2200,CRO MYERS,,-,,,-,,.
DAN,159,1,1,10554,INTRODUCTION TO BALLET,,,8,0,Shawn Hove,2,M R,1530-1645,CRO 2ND FLOOR,,-,,,-,,.
DAN,165,1,1,10367,AFRO-CARIBBEAN DANCE I,,Y,15,0,Rosemarie Roberts,4,M R,1015-1130,CRO MYERS,,-,,,-,,.
DAN,165,2,1,10678,AFRO-CARIBBEAN DANCE I,,Y,15,0,Rosemarie Roberts,4,M R,1200-1315,CRO MYERS,,-,,,-,,.
DAN,207,1,1,10608,COMPOSITIONAL IMPROVISATION,,,8,0,Rachel Boggia,4,M R,1200-1315,CRO 2ND FLOOR,,-,,,-,,.
DAN,208,1,1,10556,CHOREOGRAPHY I,,,15,0,Lisa Race,4,W,1345-1645,CRO 2ND FLOOR,,-,,,-,,.
DAN,214,1,1,10684,HIP HOP DANCE II,,Y,15,0,Shakia Johnson,4,T R,1900-2015,CRO MYERS,,-,,,-,,.
DAN,258,1,1,10557,MODERN TECHNIQUE II,,,15,0,Lisa Race,2,T F,1530-1645,CRO MYERS,,-,,,-,,.
DAN,259,1,1,10366,BALLET II,,,15,0,,2,M R,1530-1645,CRO MYERS,,-,,,-,,.
DAN,262,1,1,10730,WEST AFRICAN DANCE II,,Y,15,0,Shani Collins-Achille,4,T F,1200-1315,CRO MYERS,,-,,,-,,.
DAN,280,1,1,10736,REPERTORY/PERFORMANCE I,,,15,0,Shani Collins-Achille,4,M W,1715-1830,CRO MYERS,,-,,,-,,.
DAN,340,1,1,10371,HISTORY OF DANCE,,,28,0,Rosemarie Roberts,4,F,1345-1645,,,-,,,-,,.
DAN,358,1,1,10558,MODERN TECHNIQUE III,,,15,0,David Dorfman,2,T F,1015-1130,CRO MYERS,,-,,,-,,.
DAN,359,1,1,10559,BALLET III,,,15,0,,2,M R,1345-1500,CRO MYERS,,-,,,-,,.
DAN,380,1,1,10737,REPERTORY/PERFORMANCE II,,,15,0,Shani Collins-Achille,4,M W,1715-1830,CRO MYERS,,-,,,-,,.
DAN,458,1,1,10560,MODERN TECHNIQUE IV,,,15,0,David Dorfman,2,T F,1015-1130,CRO MYERS,,-,,,-,,.
DAN,459,1,1,10372,BALLET IV,,,15,0,,2,M R,1345-1500,CRO MYERS,,-,,,-,,.
DAN,480,1,1,10738,REPERTORY/PERFORMANCE III,,,15,0,Shani Collins-Achille,4,M W,1715-1830,CRO MYERS,,-,,,-,,.
DAN,494,1,1,10561,CAPSTONE PROJECT,,,15,0,David Dorfman,4,F,1715-2015,CRO MYERS,,-,,,-,,.
EAS,101,1,1,10111,BEYOND THE ORIENT: LIT/FILM,,,38,0,Yibing Huang,4,M R,1345-1500,REMOTE,,-,,,-,,.
EAS,102,1,1,10818,INTR TO ASIAN AMERICAN STUDIES,,Y,38,0,Ayako Takamori,4,T F,1200-1315,REMOTE,,-,,,-,,.
EAS,104,1,2,10643,INTRODUCTION TO ASIAN ART,,Y,24,0,Di Luo,4,MT RF,1200-1315,,,-,,,-,,.
EAS,104,2,3,10645,INTRODUCTION TO ASIAN ART,,Y,24,0,Di Luo,4,MT RF,1200-1315,,,-,,,-,,.
EAS,204,1,3,10650,JAPANESE ART & ARCHITECTURE,,Y,20,0,Di Luo,4,MT RF,1345-1500,,,-,,,-,,.
EAS,232,1,1,10834,CHINESE MUSIC AND THEATER,,Y,28,0,Dale Wilson,4,T R,1900-2015,REMOTE,,-,,,-,,.
EAS,253,1,1,10112,CHINESE AMERICAN LITERATURE,,Y,28,0,Yibing Huang,4,M R,1530-1645,REMOTE,,-,,,-,,.
EAS,314,1,1,10116,SEX AND POWER IN JAPAN,,Y,28,0,Ayako Takamori,4,T F,1345-1500,REMOTE,,-,,,-,,.
EAS,428,1,1,10096,DEBATING CHINA'S GLOBALIZATION,,Y,16,0,Sarah Queen,4,M R,1015-1130,REMOTE,,-,,,-,,.
EAS,493E,1,1,10536,EAST ASIAN DIASPORA,,,16,0,Ayako Takamori,4,T,1715-2015,REMOTE,,-,,,-,,.
ECO,111,1,1,10126,INTRODUCTORY MACROECONOMICS,,,28,0,Michael Andrade,4,T R,1715-1830,,,-,,,-,,.
ECO,111,2,1,10574,INTRODUCTORY MACROECONOMICS,,,28,0,Michael Andrade,4,T R,1900-2015,,,-,,,-,,.
ECO,112,1,1,10127,INTRODUCTORY MICROECONOMICS,,,28,0,Sadia Priyanka,4,M R,1015-1130,REMOTE,,-,,,-,,.
ECO,112,2,1,10128,INTRODUCTORY MICROECONOMICS,,,25,0,Monika Lopez-Anuarbe,4,M R,1345-1500,REMOTE,,-,,,-,,.
ECO,202,1,1,10133,INTRO TO MATH METHOD FOR ECON,,,28,0,Purba Mukerji,4,M R,0830-0945,REMOTE,,-,,,-,,.
ECO,205,1,1,10129,INT MICROECONOMIC THEORY,,,28,0,Mark Stelzner,4,T F,1015-1130,REMOTE,,-,,,-,,.
ECO,205,2,1,10130,INT MICROECONOMIC THEORY,,,28,0,Mark Stelzner,4,T F,1200-1315,REMOTE,,-,,,-,,.
ECO,206,1,1,10131,INT MACROECONOMIC THEORY,,,25,0,Maria Cruz-Saco,4,M R,0830-0945,REMOTE,,-,,,-,,.
ECO,206,2,1,10132,INT MACROECONOMIC THEORY,,,25,0,Maria Cruz-Saco,4,M R,1015-1130,REMOTE,,-,,,-,,.
ECO,209,1,1,10135,INTRO TO EXPERIMENTAL ECON,,,28,0,Benjamin Beranek,4,M W,1900-2015,,,-,,,-,,.
ECO,230,1,1,10136,ECONOMETRICS I,,,18,0,Candace Howes,4,T F,0930-0945,REMOTE,,-,,,-,,.
ECO,230,2,1,10137,ECONOMETRICS I,,,18,0,Candace Howes,4,T F,1015-1130,REMOTE,,-,,,-,,.
ECO,234,1,1,10139,ECONOMIC DEVELOPMENT,,,28,0,Sadia Priyanka,4,M R,1200-1315,REMOTE,,-,,,-,,.
ECO,248,1,1,10567,INTRO FINANC INSTIT & MARKETS,,,28,0,Peter Cannon,4,T R,1900-2015,,,-,,,-,,.
ECO,317,1,1,10143,ECONOMIC ANALYSIS OF THE LAW,,,28,0,David Chavanne,4,M R,1200-1315,REMOTE,,-,,,-,,.
ECO,322,1,1,10142,GAME THEORY,,,25,0,Monika Lopez-Anuarbe,4,T F,1345-1500,REMOTE,,-,,,-,,.
ECO,324,1,1,10569,CORPORATE FINANCE,,,28,0,Benjamin Beranek,4,M W,1715-1830,,,-,,,-,,.
ECO,330,1,1,10485,INTERNATIONAL FINANCE,,,28,0,Purba Mukerji,4,M R,1015-1130,REMOTE,,-,,,-,,.
ECO,403,1,1,10568,CAPITALISM AND SLAVERY,,,15,0,Mark Stelzner,4,T F,1345-1500,REMOTE,,-,,,-,,.
ECO,408,1,1,10145,EXPERIMENTAL ECONOMICS,,,16,0,David Chavanne,4,M W,2045-2200,REMOTE,,-,,,-,,.
EDU,104,1,1,10862,INTRO TO CONTEMP ISSUES IN ED,,,30,0,Paul Madden,4,M R,1530-1645,REMOTE,,-,,,-,,.
EDU,223,1,1,10438,FOUNDATIONS OF EDUCATION,,,25,0,Paul Madden,4,M R,1015-1130,REMOTE,,-,,,-,,.
EDU,260,1,1,10588,"CC: COLONIALISM,MATH,CURRICULA",,,24,0,Paul Madden,4,T F,1015-1130,REMOTE,,-,,,-,,.
EDU,306,1,1,10613,CRITICAL RACE THEORY IN EDU,,,20,0,Manali Sheth,4,M W,1900-2015,REMOTE,,-,,,-,,.
EDU,313,1,1,10439,"CHILDREN, BOOKS & CULTURE",,,28,0,. To Be Assigned,4,,-,REMOTE,,-,,,-,,.
ENG,107,1,1,10282,"CC:NOMADS, SHAMANS, & MYSTICS",,Y,18,0,Denis Ferhatovic,4,M R,1015-1130,REMOTE,,-,,,-,,.
ENG,110,1,1,10003,INTRO TO LANGUAGE AND MIND,,Y,38,0,Tek-wah King,4,M R,1530-1645,REMOTE,,-,,,-,,.
ENG,119,1,1,10285,CC: LIT AND EVOLUTION OF MIND,,,18,0,Steven Shoemaker,4,T F,1345-1500,REMOTE,,-,,,-,,.
ENG,122,1,1,10286,CC: NARRATIVE MEDICINE,,,18,0,Julie Rivkin,4,T F,1200-1315,REMOTE,,-,,,-,,.
ENG,150,1,1,10281,ESSENTIALS OF LITERARY STUDY,,,16,0,Marie Ostby,4,T R,1715-1830,REMOTE,,-,,,-,,.
ENG,150,2,1,10287,ESSENTIALS OF LITERARY STUDY,,,16,0,Marie Ostby,4,T R,1900-2015,REMOTE,,-,,,-,,.
ENG,175,1,1,10820,"AFRICA: CULTURE,HISTORY,MEDIA",,,18,0,Jeff Strabone,4,M R,1200-1315,,,-,,,-,,.
ENG,240,1,1,10289,READING & WRITING POEMS,,,16,0,Charles Hartman,4,M W,1715-1830,REMOTE,,-,,,-,,.
ENG,250,1,1,10290,THEORY/PRACT OF LITERARY STUDY,,,18,0,Hubert Cook,4,T F,0830-0945,REMOTE,,-,,,-,,.
ENG,250,2,1,10291,THEORY/PRACT OF LITERARY STUDY,,,18,0,Hubert Cook,4,T F,1015-1130,REMOTE,,-,,,-,,.
ENG,253,1,1,10115,CHINESE AMERICAN LITERATURE,,Y,28,0,Yibing Huang,4,M R,1530-1645,REMOTE,,-,,,-,,.
ENG,301,1,1,10292,AMERICAN WOMEN WRITERS,,Y,18,0,Julie Rivkin,4,T F,1530-1645,REMOTE,,-,,,-,,.
ENG,319,1,1,10600,LEATHER AND GLITT,,Y,18,0,Ariella Rotramel Denis Ferhatovic,4,T F,1200-1315,REMOTE,,-,,,-,,.
ENG,322,1,1,10294,SEMINAR IN FICTION,Y,,12,0,Blanche Boyd,4,M W,1715-1830,REMOTE,,-,,,-,,.
ENG,331,1,1,10295,SHAKESPEARE IN PERFORMANCE,,,18,0,Lina Wilder,4,M R,0830-0945,REMOTE,,-,,,-,,.
ENG,333,1,1,10296,THE CANTERBURY TALES,,,18,0,Denis Ferhatovic,4,M R,1345-1500,REMOTE,,-,,,-,,.
ENG,340,1,1,10298,WRITING POETRY: INTERMEDIATE,,,12,0,Kate Rushin,4,T F,1345-1500,REMOTE,,-,,,-,,.
ENG,368,1,1,10299,LIT IN THE ANTHROPOCENE,,Y,18,0,Michelle Neely,4,M R,1015-1130,REMOTE,,-,,,-,,.
ENG,379,1,1,10581,BLACK POETICS,,Y,18,0,Hubert Cook,4,W,0830-1130,REMOTE,,-,,,-,,.
ENG,381,1,1,10596,GLOBAL GRAPHIC NOVELS,,Y,18,0,Marie Ostby,4,W,1345-1645,REMOTE,,-,,,-,,.
ENG,493G,1,1,10303,JANE AUSTEN,,Y,16,0,Jeff Strabone,4,S,1015-1315,,,-,,,-,,.
ES,110,1,1,10445,ENV STDS AS A NATURAL SCIENCE,,,24,0,Peter Siver,4,M R,0830-0945,REMOTE,,-,,,-,,.
ES,111,1,1,10446,ENV STDS AS A SOCIAL SCIENCE,,,24,0,Jane Dawson,4,M R,0830-0945,REMOTE,,-,,,-,,.
ES,113,1,1,10767,ENERGY AND THE ENVIRONMENT,,Y,16,0,Michael Seifert,4,T R,1715-1830,,,-,,,-,,.
ES,117,1,1,10305,CC:COEVOLUTION PLANTS & PEOPLE,,Y,28,0,Manuel Lizarralde,4,T F,0830-0945,REMOTE,,-,,,-,,.
ES,207,1,1,10308,SEM: INDIG USE TROP RAINFOREST,,Y,12,0,Manuel Lizarralde,4,R,1345-1645,REMOTE,,-,,,-,,.
ES,210,1,1,10449,HYDROLOGY,,Y,28,0,Doug Thompson,4,M R,1200-1315,,,-,,,-,,.
ES,214,1,1,10451,VECTOR-BASED GEOG INFO SYST,,Y,12,0,Beverly Chomiak,4,M,1715-1830,OLIN 113,TWR,1715-1830,REMOTE,,-,,.
ES,232,1,1,10019,GLOBAL ENVIRONMENTAL POLITICS,,Y,24,0,Jane Dawson,4,M R,1345-1500,REMOTE,,-,,,-,,.
ES,234,1,1,10312,S AMER CULTURES & ENVIRONMENT,,Y,24,0,Manuel Lizarralde,4,M R,1715-1830,REMOTE,,-,,,-,,.
ES,290,1,1,10454,GOODWIN-NIERING CERT SEMINAR,Y,,28,0,Jennifer Pagach,4,W,1015-1130,REMOTE,,1345-1500,REMOTE,,-,,.
ES,359,1,1,10671,MINING AND THE ENVIRONMENT,,Y,14,0,Beverly Chomiak,4,W,1345-1500,REMOTE,S,1345-1645,OLIN 113,,-,,.
ES,368,1,1,10300,LIT IN THE ANTHROPOCENE,,Y,18,0,Michelle Neely,4,M R,1015-1130,REMOTE,,-,,,-,,.
ES,393,1,1,10279,DISCARD(-ERS)(-ING)(-ABLES),,Y,18,0,Anthony Graesch,4,T F,1520-1645,REMOTE,,-,,,-,,.
ES,396,1,1,10462,GOODWIN-NIERING CERT SEMINAR,,,18,0,Anthony Graesch,2,W,1345-1500,REMOTE,,-,,,-,,.
ES,493F,1,1,10674,MARINE POLLUTION,,,15,0,Andrew Davis,4,M,1900-2200,REMOTE,,-,,,-,,.
ES,493N,1,1,10314,BIOFUELS,,Y,16,0,Rachel Spicer,4,T R,1900-2015,REMOTE,,-,,,-,,.
ES,493U,1,1,10463,ENVIRON JUST IN GLOBL PERSP,,Y,18,0,Jane Dawson,4,T,1345-1645,REMOTE,,-,,,-,,.
ES,496,1,1,10464,GOODWIN-NIERING CERT SEMINAR,,,18,0,Anthony Graesch,2,W,1345-1500,REMOTE,,-,,,-,,.
FLM,101,1,1,10480,INT FLM ST: HOW TO READ FLM,,,20,0,Linnea Hussein,4,M R,0830-0945,REMOTE,,-,,,-,,.
FLM,101,2,1,10481,INT FLM ST: HOW TO READ FLM,,,20,0,Linnea Hussein,4,M R,1015-1130,REMOTE,,-,,,-,,.
FLM,202,1,1,10482,STUDIES IN FILM CULTURE,,,20,0,Nina Martin,4,M R,1530-1645,,,-,,,-,,.
FLM,209,1,1,10490,INTERSECT IDENT IN U.S. FILM,,Y,20,0,Linnea Hussein,4,M W,1715-1830,REMOTE,,-,,,-,,.
FLM,298E,1,2,10822,PERSONAL DOCUMENTARY I,Y,,12,0,Ian Harnarine,4,T R,1715-2015,REMOTE,,-,,,-,,.
FLM,298F,1,2,10823,QUARANTINE FILMMAKING,Y,,12,0,Ross Morin,4,T F,1015-1130,OLIN 214,T F,1345-1500,OLIN 214,,-,,.
FLM,395W,1,1,10489,FEMINISMS IN AMER POP CULT,,,14,0,Nina Martin,4,M R,1200-1315,,,-,,,-,,.
FLM,398E,1,3,10824,PERSONAL DOCUMENTARY II,Y,,12,0,Ian Harnarine,4,T R,1715-2015,REMOTE,,-,,,-,,.
FLM,416,1,1,10594,FROM NEOREALISM TO THE PRESENT,,Y,16,0,Paola Sica,4,T,1900-2200,REMOTE,,-,,,-,,.
FRH,102,1,1,10318,ELEM FRENCH LANGUAGE/CULTURE,,,18,0,Robyn Pront,5,T F,1015-1105,REMOTE,S,1200-1250,REMOTE,,-,,.
FRH,102,2,1,10321,ELEM FRENCH LANGUAGE/CULTURE,,,18,0,Ramla Bedoui,5,M W,1715-1805,REMOTE,T,1715-1805,REMOTE,,-,,.
FRH,201,1,1,10323,INTER FRENCH LANG/CULTURE I,,,15,0,Ronan Chalmin,4,M W,1715-1830,REMOTE,,-,,,-,,.
FRH,202,1,1,10324,INTER FRENCH LANG/CULTURE II,,,15,0,James Austin,4,T R,1530-1645,REMOTE,,-,,,-,,.
FRH,256,1,1,10509,“MIGRATION CRISIS” IN EUROPE,,Y,28,0,Catherine Benoit,4,M R,0830-0945,REMOTE,,-,,,-,,.
FRH,301,1,1,10325,PENSEZ FRANCAIS: FRH CUL EXP,,,15,0,Ronan Chalmin,4,M R,0830-0945,REMOTE,,-,,,-,,.
FRH,312,1,1,10328,MODERN FRENCH RESISTANCE,,,18,0,Robyn Pront,4,T F,0830-0945,REMOTE,,-,,,-,,.
FRH,327,1,1,10327,INTRO TO LITERARY ANALYSIS,,,18,0,Ronan Chalmin,4,M R,1015-1130,REMOTE,,-,,,-,,.
FRH,414,1,1,10329,"NEW WAVE FILM, THEN AND NOW",,,16,0,James Austin,4,T F,1345-1500,REMOTE,,-,,,-,,.
FRH,420,1,1,10792,THE WOMAN'S BODY AFR LIT/CIN,,Y,16,0,Ramla Bedoui,4,M R,1345-1500,REMOTE,,-,,,-,,.
GWS,102,1,1,10148,CHILD RIGHTS/PUBLIC POLICY,,Y,35,0,Rashelle Litchmore,4,T F,1015-1130,REMOTE,,-,,,-,,.
GWS,103,1,1,10519,"GENDER, SEXUALITY, AND INTESEC",,Y,17,0,Karen Hanna,4,M W,1715-1830,REMOTE,,-,,,-,,.
GWS,103,2,1,10786,"GENDER, SEXUALITY, AND INTESEC",,Y,17,0,Karen Hanna,4,M W,1900-2015,REMOTE,,-,,,-,,.
GWS,200C,1,1,10788,WRITING THE SELF,,,25,0,Summar West,4,T F,1200-1315,REMOTE,,-,,,-,,.
GWS,213,1,1,10661,INTERSECT IDENT IN U.S. FILM,,Y,20,0,Linnea Hussein,4,M W,1715-1830,REMOTE,,-,,,-,,.
GWS,231,1,1,10580,DISABILITY JUSTICE,,Y,25,0,Karen Hanna,4,M W,2045-2200,REMOTE,,-,,,-,,.
GWS,290,1,1,10518,FEELING STATES,,,28,0,R. Danielle Egan,4,M R,1345-1500,,,-,,,-,,.
GWS,301,1,1,10293,AMERICAN WOMEN WRITERS,,Y,18,0,Julie Rivkin,4,T F,1530-1645,REMOTE,,-,,,-,,.
GWS,318,1,1,10118,SEX AND POWER IN JAPAN,,Y,28,0,Ayako Takamori,4,T F,1345-1500,REMOTE,,-,,,-,,.
GWS,319,1,1,10579,LEATHER AND GLITT,,Y,18,0,Ariella Rotramel Denis Ferhatovic,4,T F,1200-1315,REMOTE,,-,,,-,,.
GWS,410,1,2,10517,SENIOR CAPSTONE IN GWS,,,16,0,R. Danielle Egan,4,M WR,1015-1130,REMOTE,,-,,,-,,.
GWS,413,1,1,10306,JANE AUSTEN,,Y,16,0,Jeff Strabone,4,S,1015-1315,,,-,,,-,,.
GWS,420,1,1,10870,THE WOMAN'S BODY AFR LIT/CIN,,Y,16,0,Ramla Bedoui,4,M R,1345-1500,REMOTE,,-,,,-,,.
GWS,470,1,1,10825,CLAIM YOUR EDUCATION TUTORIAL,Y,,18,0,Ariella Rotramel,4,T F,1345-1500,REMOTE,,-,,,-,,.
GEO,210,1,1,10450,HYDROLOGY,,Y,28,0,Doug Thompson,4,M R,1200-1315,,,-,,,-,,.
GEO,214,1,1,10452,VECTOR-BASED GEOG INFO SYST,,Y,12,0,Beverly Chomiak,4,M,1715-1830,OLIN 113,TWR,1715-1830,REMOTE,,-,,.
GEO,359,1,1,10670,MINING AND THE ENVIRONMENT,,Y,14,0,Beverly Chomiak,4,W,1345-1500,REMOTE,S,1345-1645,OLIN 113,,-,,.
GER,102,1,1,10541,ELEMENTARY GERMAN,,,18,0,Suzuko Knott,4,MT RF,1200-1250,,,-,,,-,,.
GER,102,2,1,10542,ELEMENTARY GERMAN,,,16,0,Suzuko Knott,4,MTWR,1900-1950,REMOTE,,-,,,-,,.
GER,110,1,1,10004,INTRO TO LANGUAGE AND MIND,,Y,38,0,Tek-wah King,4,M R,1530-1645,REMOTE,,-,,,-,,.
GER,202,1,1,10543,INTERMEDIATE GERMAN,,,18,0,Suzuko Knott,4,M WR,2045-2135,REMOTE,,-,,,-,,.
GER,261F,1,1,10570,ENVIRON CONSCIOUS (IN GERMAN),,,18,0,Suzuko Knott,1,,-,,,-,,,-,,.
GER,313,1,1,10807,TOPICS IN GERMAN STUDIES,,,16,0,Karolin Machtans,4,T F,0830-0945,REMOTE,,-,,,-,,.
GER,405,1,1,10808,TOPICS IN GERMAN STUDIES,,,16,0,Karolin Machtans,4,T F,1015-1130,REMOTE,,-,,,-,,.
GER,450,1,1,10546,GESCHICHTE DES DEUTSCHEN FILM,,,16,0,Karolin Machtans,4,M W,1445-1600,,,-,,,-,,.
GIS,102,1,1,10550,INTRO GLOBAL ISLAMIC STUDIES,,Y,28,0,Caroleen Sayej,4,T F,1015-1130,REMOTE,,-,,,-,,.
GIS,107,1,1,10283,"CC:NOMADS, SHAMANS, & MYSTICS",,Y,18,0,Denis Ferhatovic,4,M R,1015-1130,REMOTE,,-,,,-,,.
GIS,280F,1,1,10861,ISLAM'S GOLDEN AGE (IN ITL),,,18,0,Bridget Pupillo,1,,-,,,-,,,-,,.
GIS,381,1,1,10597,GLOBAL GRAPHIC NOVELS,,Y,18,0,Marie Ostby,4,W,1345-1645,REMOTE,,-,,,-,,.
GIS,400,1,1,10563,THE IRAQ WAR,,Y,16,0,Caroleen Sayej,4,F,1345-1645,REMOTE,,-,,,-,,.
GOV,110,1,1,10007,POLITICAL IDEAS,,,24,0,John Coats,4,T F,1200-1315,,,-,,,-,,.
GOV,111,2,2,10009,U.S. GOVERNMENT & POLITICS,,,28,0,Mara Suttmann-Lea,4,M R,1015-1130,REMOTE,T F,1015-1130,REMOTE,,-,,.
GOV,112,1,2,10010,COMPARATIVE POLITICS,,,24,0,John Tian,4,M R,1345-1645,REMOTE,,-,,,-,,.
GOV,113,1,1,10011,INTERNATIONAL POLITICS,,,28,0,Eric Fleury,4,M R,0830-0945,,,-,,,-,,.
GOV,113,2,1,10012,INTERNATIONAL POLITICS,,,28,0,Eric Fleury,4,M R,1015-1130,,,-,,,-,,.
GOV,214,1,1,10015,MODERN POLITICAL THOUGHT,,Y,24,0,John Coats,4,M R,0830-0945,,,-,,,-,,.
GOV,222,1,3,10764,CC:TORTURE/TERROR/TRUTH + 9/11,,,28,0,Tristan Borer,4,T F,1345-1645,REMOTE,,-,,,-,,.
GOV,223,1,2,10575,"HUMAN RIGHTS, MEDIA & ACTIVISM",,Y,28,0,Tristan Borer,4,T F,1345-1645,REMOTE,,-,,,-,,.
GOV,225,1,3,10017,STATES & MARKETS IN E ASIA,,,28,0,John Tian,4,M R,1345-1645,REMOTE,,-,,,-,,.
GOV,225F,1,1,10018,STATES/MRKTS IN E ASIA(IN CHI),,,15,0,John Tian,1,,-,,,-,,,-,,.
GOV,229,1,3,10576,UNITED NATIONS PEACEKEEPING,,,24,0,Peter Mitchell,4,T F,1015-1315,,,-,,,-,,.
GOV,232,1,1,10020,GLOBAL ENVIRONMENTAL POLITICS,,Y,24,0,Jane Dawson,4,M R,1345-1500,REMOTE,,-,,,-,,.
GOV,241,1,2,10770,THE COURTS AND THE LAW,,,24,0,Peter Mitchell,4,T F,1015-1315,,,-,,,-,,.
GOV,243,1,1,10771,CYBER ISSUES IN US LAW/POLICY,,,28,0,Peter Mitchell,4,M R,0830-0945,REMOTE,,-,,,-,,.
GOV,268,1,1,10022,INTERNATIONAL ORGANIZATIONS,,,28,0,Andrew Levin,4,T R,1715-1830,REMOTE,,-,,,-,,.
GOV,276,1,1,10023,CC:PRESIDNCY:WHITE HOUSE 20500,,Y,28,0,MaryAnne Borrelli,4,M W,1715-1830,REMOTE,,-,,,-,,.
GOV,312,1,1,10603,DIPLOMACY,,,24,0,Eric Fleury,4,M R,1200-1315,,,-,,,-,,.
GOV,329,1,1,10772,CIVIL WARS,,,28,0,Andrew Levin,4,T F,0830-0945,REMOTE,,-,,,-,,.
GOV,493C,1,1,10773,U.S. POLITICAL SPEECH,,,16,0,MaryAnne Borrelli,4,M R,1530-1645,REMOTE,,-,,,-,,.
GOV,493P,1,1,10025,STATESMANSHIP,,,16,0,John Coats,4,R,1200-1500,,,-,,,-,,.
GOV,493U,1,1,10027,ENVIRON JUST IN GLOBL PERSP,,Y,18,0,Jane Dawson,4,T,1345-1645,REMOTE,,-,,,-,,.
GOV,493Z,1,1,10564,THE IRAQ WAR,,Y,16,0,Caroleen Sayej,4,F,1345-1645,REMOTE,,-,,,-,,.
GRK,102,1,1,10043,ELEMENTARY GREEK II,,,18,0,Abbe Walker,5,M R,1015-1315,,,-,,,-,,.
GRK,226,1,1,10044,GREEK LYRIC POETRY,,,18,0,William Jacobs,4,M R,1530-1645,,,-,,,-,,.
GRK,326,1,1,10045,GREEK LYRIC POETRY,,,18,0,William Jacobs,4,M R,1530-1645,,,-,,,-,,.
HBR,102,1,1,10046,ELEMENTARY HEBREW II,,,28,0,Susanne Weissman,5,R,1200-1500,REMOTE,,-,,,-,,.
HBR,202,1,1,10047,INTERMEDIATE HEBREW II,,,18,0,Susanne Weissman,4,T F,1200-1315,REMOTE,,-,,,-,,.
SPA,101,1,2,10675,ELEMENTARY SPANISH I,,,18,0,Emily Kuder,4,M R,1015-1315,REMOTE,,-,,,-,,.
SPA,102,1,1,10373,ELEMENTARY SPANISH II,,,18,0,Luz Nick,4,M WR,1345-1500,REMOTE,,-,,,-,,.
SPA,102,2,1,10374,ELEMENTARY SPANISH II,,,18,0,Luz Nick,4,M WR,1530-1645,REMOTE,,-,,,-,,.
SPA,102,3,1,10375,ELEMENTARY SPANISH II,,,18,0,Jessica Koehler,4,TW F,1530-1645,,,-,,,-,,.
SPA,103,1,1,10376,INTERMEDIATE SPAN-HISPANIC ART,,,18,0,Jessica Koehler,4,T R,1715-1830,,,-,,,-,,.
SPA,110,1,1,10005,INTRO TO LANGUAGE AND MIND,,Y,38,0,Tek-wah King,4,M R,1530-1645,REMOTE,,-,,,-,,.
SPA,121,1,1,10377,INTERMEDIATE SPAN LANG REVIEW,,,18,0,,4,M W,1715-1830,,,-,,,-,,.
SPA,121,2,1,10378,INTERMEDIATE SPAN LANG REVIEW,,,18,0,,4,M W,1900-2015,,,-,,,-,,.
SPA,207,2,1,10381,ADV GRAMMAR & COMPOSITION,,,15,0,Aida Heredia,4,M R,1015-1130,,,-,,,-,,.
SPA,208,1,1,10382,INTRO LITERARY/CUL ANALYSIS,,,18,0,Luis Gonzalez,4,T F,1015-1130,,,-,,,-,,.
SPA,209,1,1,10383,ADV GRAMMAR/COMP BILINGUAL SPK,,Y,15,0,Jennifer Rudolph,4,T R,1715-1830,REMOTE,,-,,,-,,.
SPA,236,1,1,10683,ADV ORAL PROFICIENCY IN SPAN,,,18,0,Aida Heredia,4,M W,1715-1830,,,-,,,-,,.
SPA,251,1,1,10384,HISPANIC CULTURES,,,18,0,Aida Heredia,4,M R,1530-1645,,,-,,,-,,.
SPA,252,1,1,10385,LATINO USA: US LATINX CULTURES,,Y,18,0,Jennifer Rudolph,4,T R,1900-2015,REMOTE,,-,,,-,,.
SPA,312,1,3,10759,SPANISH PHONETICS/PHONOLOGY,,,18,0,Emily Kuder,4,M R,1015-1315,REMOTE,,-,,,-,,.
SPA,319,1,1,10386,CONTEMP SPANISH CINEMA,,,28,0,Luis Gonzalez,4,T F,1200-1315,,,-,,,-,,.
SPA,336,1,1,10760,ADVANCED SPANISH CONVERSATION,,,16,0,Aida Heredia,4,M W,1715-1830,,,-,,,-,,.
SPA,343,1,2,10387,VOYAGES/DIS/NATURAL WONDRS,,,18,0,Julia Kushigian,4,M R,0830-1130,REMOTE,,-,,,-,,.
SPA,412,1,3,10761,SPANISH PHONETICS/PHONOLOGY,,,18,0,Emily Kuder,4,M R,1015-1315,REMOTE,,-,,,-,,.
SPA,419,1,1,10388,CONTEMP SPANISH CINEMA,,,18,0,Luis Gonzalez,4,T F,1200-1315,,,-,,,-,,.
SPA,443,1,2,10389,VOYAGES/DIS/NATURAL WONDRS,,,18,0,Julia Kushigian,4,M R,0830-1130,REMOTE,,-,,,-,,.
HIS,102,1,1,10552,INTRO GLOBAL ISLAMIC STUDIES,,Y,28,0,Caroleen Sayej,4,T F,1015-1130,REMOTE,,-,,,-,,.
HIS,103,1,1,10616,AFRICAN CIVILIZATIONS TO 1870,,Y,38,0,,4,T R,1715-1830,,,-,,,-,,.
HIS,215,1,2,10621,POLIT/CULT IN U.S. SINCE 1945,,Y,25,0,,4,T R,1715-2015,,,-,,,-,,.
HIS,232,1,1,10086,LATER MIDDLE AGES,,Y,28,0,Frederick Paxton,4,T F,1200-1315,,,-,,,-,,.
HIS,241,1,1,10088,THE HISTORIAN'S CRAFT,,,28,0,Leo Garofalo Frederick Paxton,4,T F,0830-0945,,,-,,,-,,.
HIS,241F,1,1,10562,HISTORIANS CRAFT (IN SPA),,,16,0,Leo Garofalo,1,,-,,,-,,,-,,.
HIS,245,1,1,10627,MOD AFRICAN HIST:1870-PRESENT,,Y,28,0,,4,M R,1215-1315,,,-,,,-,,.
HIS,266,1,3,10845,GREAT MIGRATION & ITS LEGACY,,Y,28,0,Taylor Desloge,4,M R,1015-1315,,,-,,,-,,.
HIS,273,1,3,10826,"NATIONS/NATIONALISM, 19C EUROP",,,28,0,Jessica Strom,4,M W,1715-2015,REMOTE,,-,,,-,,.
HIS,323,1,1,10413,READINGS IN BIG HISTORY,,,18,0,Frederick Paxton,4,M W,1900-2200,,,-,,,-,,.
HIS,354,1,3,10853,THE REAGAN REVOL:AMER CONSERV,,Y,16,0,. To Be Assigned,4,T,1715-2015,,,-,,,-,,.
HIS,367,1,1,10855,HIST/POL OF RACISM/PUBL HEALTH,,Y,16,0,Taylor Desloge,4,T F,1015-1130,,,-,,,-,,.
HIS,428,1,1,10094,DEBATING CHINA'S GLOBALIZATION,,Y,16,0,Sarah Queen,4,M R,1015-1130,REMOTE,,-,,,-,,.
HIS,435,1,1,10849,SEGREGATION IN AMERICA,,Y,16,0,Taylor Desloge,4,W,0830-0945,,F,1715-1830,,,-,,.
HIS,465,1,1,10097,GLOBALZTN & AM CUL SINCE 1945,,Y,16,0,Catherine Stock,4,W S,1345-1500,,,-,,,-,,.
HMD,103,1,1,10147,CHILD RIGHTS/PUBLIC POLICY,,Y,35,0,Rashelle Litchmore,4,T F,1015-1130,REMOTE,,-,,,-,,.
HMD,111,1,1,10149,INTRO TO HUMAN DEVELOPMENT,,,28,0,Rashelle Litchmore,4,T R,1715-1830,REMOTE,,-,,,-,,.
HMD,111,2,1,10150,INTRO TO HUMAN DEVELOPMENT,,,28,0,Rashelle Litchmore,4,T F,1345-1500,REMOTE,,-,,,-,,.
HMD,202,1,1,10151,BEST PRACT & THE PRESCHOOL EXP,,,18,0,Kathryn O'Connor,1,,-,REMOTE,,-,,,-,,.
HMD,225,1,1,10152,IND DIFFERENCES IN DEVELOPMENT,,,28,0,Kathryn O'Connor,4,T F,1530-1645,REMOTE,,-,,,-,,.
HMD,255,1,1,10154,HEALTH DISPARITIES AND AGING,,,28,0,,4,M R,1345-1500,REMOTE,,-,,,-,,.
HMD,260,1,1,10155,SOCIAL & PERSONALITY DEVEL,,,28,0,Michelle Dunlap,4,M R,0830-0945,REMOTE,,-,,,-,,.
HMD,296,1,1,10153,FIELD WORK-HUMAN DEVELOPMNT,,,18,0,,4,M R,1345-1500,REMOTE,,-,,,-,,.
HMD,306,1,1,10156,"LANGUAGE, NARRATIVE, AND SELF",,Y,18,0,Sunil Bhatia,4,M R,1345-1500,REMOTE,,-,,,-,,.
HMD,314,1,1,10157,"MEDIA, SELF, AND SOCIETY",,Y,18,0,Sunil Bhatia,4,M R,1015-1130,REMOTE,,-,,,-,,.
IS,201,1,1,10516,PERSPECT MOD GLOBAL SOCIETY,,,35,0,Andrea Lanoux,4,M WR,1345-1500,,,-,,,-,,.
CRT,201,1,1,10272,THEMATIC INQUIRY,Y,,28,0,Greg Bailey,4,T R,1715-1830,REMOTE,,-,,,-,,.
DAT,201,1,1,10868,THEMATIC INQUIRY,,,38,0,Jason Nier,2,F,1200-1315,,,-,,,-,,.
ENT,201,1,1,10473,THEMATIC INQUIRY,Y,,28,0,Noel Garrett,4,M R,1345-1500,REMOTE,,-,,,-,,.
ENT,201L,1,1,10474,THEMATIC INQUIRY,Y,,28,0,Noel Garrett,0,M W,1900-2015,,,-,,,-,,.
FDP,201,1,1,10821,THEMATIC INQUIRY,Y,,28,0,Rachel Black,4,T F,1345-1500,REMOTE,,-,,,-,,.
GC,201,1,1,10100,THEMATIC INQUIRY,Y,,28,0,Sarah Queen,4,M R,1200-1315,REMOTE,,-,,,-,,.
MRC,201,1,1,10611,THEMATIC INQUIRY,Y,,28,0,Jeff Strabone,4,M R,1345-1500,,,-,,,-,,.
PAX,201,1,1,10099,THEMATIC INQUIRY,Y,,28,0,Catherine Stock,4,T F,1345-1500,,,-,,,-,,.
PK,201,1,1,10444,THEMATIC INQUIRY,Y,,28,0,Manali Sheth,4,M W,1715-1830,REMOTE,,-,,,-,,.
PBH,201,1,1,10610,THEMATIC INQUIRY,Y,,28,0,Monika Lopez-Anuarbe,2,F,1200-1315,REMOTE,,-,,,-,,.
MDI,201,1,1,10863,THEMATIC INQUIRY,Y,,28,0,Catherine Benoit,4,W,1345-1645,REMOTE,,-,,,-,,.
ITL,102,1,1,10348,ELEMENTARY ITALIAN,,,18,0,Frida Morelli,4,M R,1345-1500,REMOTE,,-,,,-,,.
ITL,102,2,1,10349,ELEMENTARY ITALIAN,,,18,0,Frida Morelli,4,M R,1530-1645,REMOTE,,-,,,-,,.
ITL,102,3,1,10350,ELEMENTARY ITALIAN,,,18,0,Matteo Pace,4,T F,1200-1315,,,-,,,-,,.
ITL,102,4,1,10351,ELEMENTARY ITALIAN,,,18,0,Matteo Pace,4,T F,1345-1500,,,-,,,-,,.
ITL,102,5,1,10352,ELEMENTARY ITALIAN,,,18,0,Matteo Pace,4,T F,0830-0945,,,-,,,-,,.
ITL,202,1,1,10353,INTERMEDIATE ITALIAN II,,,18,0,Paola Sica,4,W,0830-0945,,F,1715-1830,,,-,,.
ITL,250,1,1,10354,ITALIAN IN THE WORKPLACE,,,18,0,Frida Morelli,4,W,1015-1130,,F,1900-2015,,,-,,.
ITL,330,1,1,10827,PANDEMIC NARRATIVES: DECAMERON,,,28,0,Matteo Pace,4,M W,1715-1830,,,-,,,-,,.
ITL,416,1,1,10593,ITALIAN FILM & LITERATURE,,Y,16,0,Paola Sica,4,T,1900-2200,REMOTE,,-,,,-,,.
JPN,102,1,1,10052,INTENSIVE ELEM JAPANESE,,,18,0,Hisae Kobayashi,6,MTWRF,0830-0945,,,-,,,-,,.
JPN,202,1,1,10101,INTERMEDIATE JAPANESE,,,18,0,Hisae Kobayashi,5,T F,1015-1130,,M W,1900-2015,,,-,,.
JS,232,1,1,10087,LATER MIDDLE AGES,,Y,28,0,David Patton,4,T F,1200-1315,,,-,,,-,,.
JS,248,1,1,10475,HOLOCAUST/POST-HOL RESPONSES,,Y,28,0,Sharon Portnoff,4,T F,1345-1500,REMOTE,,-,,,-,,.
JS,277,1,1,10802,BURNING RELIGIOUS CONTROVERSY,,Y,28,0,Andrew Pessin,4,T F,1015-1130,REMOTE,,-,,,-,,.
JS,325,1,1,10672,ANTISEMITISM,,Y,16,0,Sharon Portnoff,4,T F,1200-1315,REMOTE,,-,,,-,,.
JS,440P,1,1,10804,BURNING RELIGIOUS CONTROVERSY,,Y,15,0,Andrew Pessin,4,T F,1015-1130,REMOTE,,-,,,-,,.
LAT,102,1,1,10048,ELEMENTARY LATIN II,,,18,0,William Jacobs,5,S,1530-1645,,T R,1715-1830,,,-,,.
LAT,202,1,1,10050,INTERMEDIATE LATIN II,,,18,0,Abbe Walker,4,T F,1200-1315,REMOTE,,-,,,-,,.
LA,103,1,2,10524,CAREER PREPARATION,,,20,0,Deb Brunetti,1,M R,1200-1315,REMOTE,,-,,,-,,.
LA,103,10,2,10534,CAREER PREPARATION,,,20,0,Dot Wang,1,T F,1530-1645,REMOTE,,-,,,-,,.
LA,103,11,2,10614,CAREER PREPARATION,,,20,0,Deb Brunetti,1,M R,1345-1500,REMOTE,,-,,,-,,.
LA,103,12,2,10615,CAREER PREPARATION,,,20,0,Cheryl Banker,1,T F,1015-1130,REMOTE,,-,,,-,,.
LA,103,13,2,10618,CAREER PREPARATION,,,20,0,Lori Balantic,1,T R,1715-1830,REMOTE,,-,,,-,,.
LA,103,14,2,10620,CAREER PREPARATION,,,20,0,Persephone Hall,1,M R,1345-1500,REMOTE,,-,,,-,,.
LA,103,15,2,10623,CAREER PREPARATION,,,20,0,Dot Wang,1,M R,1015-1130,REMOTE,,-,,,-,,.
LA,103,16,3,10625,CAREER PREPARATION,,,20,0,Deb Brunetti,1,M R,1200-1315,REMOTE,,-,,,-,,.
LA,103,17,3,10626,CAREER PREPARATION,,,20,0,Cheryl Banker,1,M R,0830-0945,REMOTE,,-,,,-,,.
LA,103,18,3,10628,CAREER PREPARATION,,,20,0,Lori Balantic,1,T F,0830-0945,REMOTE,,-,,,-,,.
LA,103,19,3,10634,CAREER PREPARATION,,,20,0,Persephone Hall,1,M R,1530-1645,REMOTE,,-,,,-,,.
LA,103,2,2,10525,CAREER PREPARATION,,,20,0,Cheryl Banker,1,M R,0830-0945,REMOTE,,-,,,-,,.
LA,103,20,3,10635,CAREER PREPARATION,,,20,0,Dot Wang,1,M R,1345-1500,REMOTE,,-,,,-,,.
LA,103,21,3,10636,CAREER PREPARATION,,,20,0,Deb Brunetti,1,T F,1345-1500,REMOTE,,-,,,-,,.
LA,103,22,3,10637,CAREER PREPARATION,,,20,0,Cheryl Banker,1,M R,1200-1315,REMOTE,,-,,,-,,.
LA,103,23,3,10638,CAREER PREPARATION,,,20,0,Lori Balantic,1,T F,1200-1315,REMOTE,,-,,,-,,.
LA,103,24,3,10639,CAREER PREPARATION,,,20,0,Persephone Hall,1,T F,1200-1315,REMOTE,,-,,,-,,.
LA,103,25,3,10640,CAREER PREPARATION,,,20,0,Dot Wang,1,T F,1530-1645,REMOTE,,-,,,-,,.
LA,103,26,3,10641,CAREER PREPARATION,,,20,0,Deb Brunetti,1,M R,1345-1500,REMOTE,,-,,,-,,.
LA,103,27,3,10654,CAREER PREPARATION,,,20,0,Cheryl Banker,1,T F,1015-1130,REMOTE,,-,,,-,,.
LA,103,28,3,10655,CAREER PREPARATION,,,20,0,Lori Balantic,1,M W,1715-1830,REMOTE,,-,,,-,,.
LA,103,29,3,10656,CAREER PREPARATION,,,20,0,Persephone Hall,1,M R,1345-1500,REMOTE,,-,,,-,,.
LA,103,3,2,10526,CAREER PREPARATION,,,20,0,Lori Balantic,1,T F,0830-0945,REMOTE,,-,,,-,,.
LA,103,30,3,10657,CAREER PREPARATION,,,20,0,Dot Wang,1,M R,1015-1130,REMOTE,,-,,,-,,.
LA,103,4,2,10527,CAREER PREPARATION,,,20,0,Persephone Hall,1,M R,1530-1645,REMOTE,,-,,,-,,.
LA,103,5,2,10528,CAREER PREPARATION,,,20,0,Dot Wang,1,M R,1345-1500,REMOTE,,-,,,-,,.
LA,103,6,2,10529,CAREER PREPARATION,,,20,0,Deb Brunetti,1,T F,1345-1500,REMOTE,,-,,,-,,.
LA,103,7,2,10530,CAREER PREPARATION,,,20,0,Cheryl Banker,1,M R,1200-1315,REMOTE,,-,,,-,,.
LA,103,8,2,10532,CAREER PREPARATION,,,20,0,Lori Balantic,1,T F,1201-1315,REMOTE,,-,,,-,,.
LA,103,9,2,10533,CAREER PREPARATION,,,20,0,Persephone Hall,1,T F,1200-1315,REMOTE,,-,,,-,,.
LIN,110,1,1,10002,INTRO TO LANGUAGE AND MIND,,Y,38,0,Tek-wah King,4,M R,1530-1645,REMOTE,,-,,,-,,.
LIN,226,1,1,10813,LANGUAGE IN CULTURE,,Y,28,0,Petko Ivanov,4,T F,1530-1645,,,-,,,-,,.
MAT,108,1,1,10079,MATHEMATICS OF MONEY,,,28,0,Vincent Thompson,4,T F,0830-0945,REMOTE,,-,,,-,,.
MAT,108,2,1,10080,MATHEMATICS OF MONEY,,,28,0,Vincent Thompson,4,T F,1015-1130,REMOTE,,-,,,-,,.
MAT,110,1,1,10081,CC: NETWORKS & THEIR APPLCTNS,,,25,0,Kathy McKeon,4,T F,1345-1500,,,-,,,-,,.
MAT,111,1,1,10082,CALC A: LIMITS AND DERIVATIVES,,,28,0,James Chadic,4,M R,1530-1645,REMOTE,,-,,,-,,.
MAT,112,1,1,10083,CALC B: DERIVATIVES/INTEGRALS,,,28,0,Michele Fitzpatrick,4,M WR,1345-1500,REMOTE,,-,,,-,,.
MAT,113,1,1,10084,CALC C: INTEGRALS AND SERIES,,,28,0,Vincent Thompson,4,M R,1530-1645,REMOTE,,-,,,-,,.
MAT,210,1,1,10085,DISCRETE MATHEMATICS,,,16,0,Augustine O'Keefe,4,M R,0830-0945,REMOTE,,-,,,-,,.
MAT,210,2,1,10119,DISCRETE MATHEMATICS,,,16,0,Augustine O'Keefe,4,M R,1015-1130,REMOTE,,-,,,-,,.
MAT,212,1,2,10121,MULTIVARIABLE CALCULUS,,,28,0,Warren Johnson,4,MTWR,1715-1830,,,-,,,-,,.
MAT,226,1,3,10120,LINEAR ALGEBRA,,,28,0,Warren Johnson,4,MTWR,0830-0945,,,-,,,-,,.
MAT,303,1,1,10122,ABSTRACT ALGEBRA I,,,28,0,Augustine O'Keefe,4,T F,1200-1315,REMOTE,,-,,,-,,.
MAT,316,1,1,10123,PROBABILITY,,,28,0,Kathy McKeon,4,M R,1200-1315,REMOTE,,-,,,-,,.
MAT,402,1,1,10124,REAL ANALYSIS II,,,28,0,Christopher Hammond,4,M R,0830-0945,,,-,,,-,,.
MAT,495,1,1,10125,SEMINAR IN MATHEMATICS,Y,,16,0,Christopher Hammond,2,T F,1530-1645,REMOTE,,-,,,-,,.
MUS,109,1,1,10828,FILM MUSIC:PSYCHO TO STAR WARS,,,38,0,Toshi Shimada,4,M R,1345-1500,REMOTE,,-,,,-,,.
MUS,115,1,1,10317,INTRO INSTRUMENTAL/VOCAL STUDY,Y,,38,0,John Anthony,1,,-,,,-,,,-,,.
MUS,115,10,1,10697,INTRO INSTRUMENTAL/VOCAL STUDY,Y,,38,0,Jaroslaw Lis,1,,-,,,-,,,-,,.
MUS,115,11,1,10701,INTRO INSTRUMENTAL/VOCAL STUDY,Y,,38,0,Wesley Mayhew,1,,-,,,-,,,-,,.
MUS,115,12,1,10702,INTRO INSTRUMENTAL/VOCAL STUDY,Y,,38,0,Mark McCormick,1,,-,,,-,,,-,,.
MUS,115,13,1,10703,INTRO INSTRUMENTAL/VOCAL STUDY,Y,,38,0,Patrice Newman,1,,-,,,-,,,-,,.
MUS,115,14,1,10704,INTRO INSTRUMENTAL/VOCAL STUDY,Y,,38,0,Rebecca Noreen,1,,-,,,-,,,-,,.
MUS,115,15,1,10705,INTRO INSTRUMENTAL/VOCAL STUDY,Y,,38,0,Kelli O'Connor,1,,-,,,-,,,-,,.
MUS,115,16,1,10706,INTRO INSTRUMENTAL/VOCAL STUDY,Y,,38,0,Kumi Ogano,1,,-,,,-,,,-,,.
MUS,115,17,1,10707,INTRO INSTRUMENTAL/VOCAL STUDY,Y,,38,0,Megan Sesma,1,,-,,,-,,,-,,.
MUS,115,18,1,10708,INTRO INSTRUMENTAL/VOCAL STUDY,Y,,38,0,Joshua Thomas,1,,-,,,-,,,-,,.
MUS,115,19,1,10709,INTRO INSTRUMENTAL/VOCAL STUDY,Y,,38,0,Libby Van Cleve,1,,-,,,-,,,-,,.
MUS,115,2,1,10688,INTRO INSTRUMENTAL/VOCAL STUDY,Y,,38,0,James McNeish,1,,-,,,-,,,-,,.
MUS,115,20,1,10710,INTRO INSTRUMENTAL/VOCAL STUDY,Y,,38,0,Jurate Waller,1,,-,,,-,,,-,,.
MUS,115,21,1,10711,INTRO INSTRUMENTAL/VOCAL STUDY,Y,,38,0,Maksim Zhdanovskikh,1,,-,,,-,,,-,,.
MUS,115,3,1,10689,INTRO INSTRUMENTAL/VOCAL STUDY,Y,,38,0,Emily Boyer,1,,-,,,-,,,-,,.
MUS,115,4,1,10690,INTRO INSTRUMENTAL/VOCAL STUDY,Y,,38,0,Thomas Brown,1,,-,,,-,,,-,,.
MUS,115,5,1,10691,INTRO INSTRUMENTAL/VOCAL STUDY,Y,,38,0,Gary Buttery,1,,-,,,-,,,-,,.
MUS,115,6,1,10692,INTRO INSTRUMENTAL/VOCAL STUDY,Y,,38,0,Christine Coyle,1,,-,,,-,,,-,,.
MUS,115,7,1,10693,INTRO INSTRUMENTAL/VOCAL STUDY,Y,,38,0,Ian Frenkel,1,,-,,,-,,,-,,.
MUS,115,8,1,10699,INTRO INSTRUMENTAL/VOCAL STUDY,Y,,38,0,Patricia Harper,1,,-,,,-,,,-,,.
MUS,115,9,1,10696,INTRO INSTRUMENTAL/VOCAL STUDY,Y,,38,0,Peter Jarvis,1,,-,,,-,,,-,,.
MUS,118,1,1,10319,PIANO PROFICIENCY FOR MAJORS,Y,,38,0,John Anthony,1,,-,,,-,,,-,,.
MUS,118,2,1,10712,PIANO PROFICIENCY FOR MAJORS,Y,,38,0,Patrice Newman,1,,-,,,-,,,-,,.
MUS,118,3,1,10713,PIANO PROFICIENCY FOR MAJORS,Y,,38,0,Kumi Ogano,1,,-,,,-,,,-,,.
MUS,122,1,1,10320,CC: MAKING MUSIC AT KEYBOARD,,,20,0,John Anthony,4,W,1015-1130,,S,1200-1315,,,-,,.
MUS,130,1,1,10322,CC: FOUNDATION OF MUSIC THEORY,,,20,0,Dale Wilson,4,M W F,1715-1830,REMOTE,,-,,,-,,.
MUS,206,1,1,10330,"THEORY I:HARMONY,MELODY,RHYTHM",,,18,0,Midge Thomas,4,T F,0830-1130,REMOTE,,-,,,-,,.
MUS,215,1,1,10331,INSTRUMENTAL/VOCAL STUDY,Y,,38,0,John Anthony,2,,-,,,-,,,-,,.
MUS,215,10,1,10722,INSTRUMENTAL/VOCAL STUDY,Y,,38,0,Jaroslaw Lis,2,,-,,,-,,,-,,.
MUS,215,11,1,10723,INSTRUMENTAL/VOCAL STUDY,Y,,38,0,Wesley Mayhew,2,,-,,,-,,,-,,.
MUS,215,12,1,10724,INSTRUMENTAL/VOCAL STUDY,Y,,38,0,Mark McCormick,2,,-,,,-,,,-,,.
MUS,215,13,1,10725,INSTRUMENTAL/VOCAL STUDY,Y,,38,0,Patrice Newman,2,,-,,,-,,,-,,.
MUS,215,14,1,10726,INSTRUMENTAL/VOCAL STUDY,Y,,38,0,Rebecca Noreen,2,,-,,,-,,,-,,.
MUS,215,15,1,10727,INSTRUMENTAL/VOCAL STUDY,Y,,38,0,Kelli O'Connor,2,,-,,,-,,,-,,.
MUS,215,16,1,10728,INSTRUMENTAL/VOCAL STUDY,Y,,38,0,Kumi Ogano,2,,-,,,-,,,-,,.
MUS,215,17,1,10729,INSTRUMENTAL/VOCAL STUDY,Y,,38,0,Megan Sesma,2,,-,,,-,,,-,,.
MUS,215,18,1,10731,INSTRUMENTAL/VOCAL STUDY,Y,,38,0,Joshua Thomas,2,,-,,,-,,,-,,.
MUS,215,19,1,10732,INSTRUMENTAL/VOCAL STUDY,Y,,38,0,Libby Van Cleve,2,,-,,,-,,,-,,.
MUS,215,2,1,10714,INSTRUMENTAL/VOCAL STUDY,Y,,38,0,James McNeish,2,,-,,,-,,,-,,.
MUS,215,20,1,10733,INSTRUMENTAL/VOCAL STUDY,Y,,38,0,Jurate Waller,2,,-,,,-,,,-,,.
MUS,215,21,1,10735,INSTRUMENTAL/VOCAL STUDY,Y,,38,0,Maksim Zhdanovskikh,2,,-,,,-,,,-,,.
MUS,215,3,1,10715,INSTRUMENTAL/VOCAL STUDY,Y,,38,0,Emily Boyer,2,,-,,,-,,,-,,.
MUS,215,4,1,10716,INSTRUMENTAL/VOCAL STUDY,Y,,38,0,Thomas Brown,2,,-,,,-,,,-,,.
MUS,215,5,1,10717,INSTRUMENTAL/VOCAL STUDY,Y,,38,0,Gary Buttery,2,,-,,,-,,,-,,.
MUS,215,6,1,10718,INSTRUMENTAL/VOCAL STUDY,Y,,38,0,Christine Coyle,2,,-,,,-,,,-,,.
MUS,215,7,1,10719,INSTRUMENTAL/VOCAL STUDY,Y,,38,0,Ian Frenkel,2,,-,,,-,,,-,,.
MUS,215,8,1,10720,INSTRUMENTAL/VOCAL STUDY,Y,,38,0,Patricia Harper,2,,-,,,-,,,-,,.
MUS,215,9,1,10721,INSTRUMENTAL/VOCAL STUDY,Y,,38,0,Peter Jarvis,2,,-,,,-,,,-,,.
MUS,218,1,1,10332,SERVICE-LEARNING PRACTICUM,,,28,0,. To Be Assigned,2,,-,,,-,,,-,,.
MUS,220A,1,1,10333,CAMEL HEARD,Y,,38,0,. To Be Assigned,1,T R,1715-1830,,,-,,,-,,.
MUS,220B,1,1,10334,CHORALE,Y,,38,0,. To Be Assigned,1,T R,1900-2015,,,-,,,-,,.
MUS,220C,1,1,10335,CONCERT BAND,Y,,38,0,Gary Buttery,1,M W,1900-2015,,,-,,,-,,.
MUS,220D,1,1,10336,JAZZ ENSEMBLE,Y,,38,0,Gary Buttery,1,M W,2045-2200,,,-,,,-,,.
MUS,220E,1,3,10337,MUSICAL THEATER ENSEMBLE,Y,Y,38,0,. To Be Assigned,1,S,1200-1645,,MTWR,1900-2200,,F,1900-2015,,.
MUS,220F,1,1,10339,ORCHESTRA,Y,,38,0,Toshi Shimada,1,M R,1530-1645,,,-,,,-,,.
MUS,220G,1,1,10340,NEW MUSIC CHAMBER ENSEMBLE,Y,,38,0,Peter Jarvis,1,M R,0830-0945,,,-,,,-,,.
MUS,220H,1,1,10341,CHAMBER MUSIC,Y,,38,0,. To Be Assigned,1,,-,,,-,,,-,,.
MUS,228,1,1,10829,COMPOSING: MUSIC AS PLACE,,,15,0,Andrew Greenwald,4,T F,1200-1315,,,-,,,-,,.
MUS,230,1,1,10830,THE DAY BEYONCE TURNED BLACK,,Y,28,0,Jamil Jorge,4,M W,1900-2015,REMOTE,,-,,,-,,.
MUS,232,1,1,10833,CHINESE MUSIC AND THEATER,,Y,28,0,Dale Wilson,4,T R,1900-2015,REMOTE,,-,,,-,,.
MUS,248,1,1,10342,WESTERN MUS 2:MOZART TO MODERN,,,28,0,John Anthony,4,M R,1015-1130,,,-,,,-,,.
MUS,304,1,1,10343,THE ELECTRONIC MUSICIAN,,Y,15,0,Andrew Greenwald,4,T F,1345-1500,,,-,,,-,,.
MUS,415,1,1,10347,ADV INSTR/VOCAL STD:SR RECITAL,Y,,18,0,John Anthony,4,,-,,,-,,,-,,.
MUS,415,10,1,10747,ADV INSTR/VOCAL STD:SR RECITAL,Y,,18,0,Jaroslaw Lis,4,,-,,,-,,,-,,.
MUS,415,11,1,10748,ADV INSTR/VOCAL STD:SR RECITAL,Y,,18,0,Wesley Mayhew,4,,-,,,-,,,-,,.
MUS,415,12,1,10749,ADV INSTR/VOCAL STD:SR RECITAL,Y,,18,0,Mark McCormick,4,,-,,,-,,,-,,.
MUS,415,13,1,10750,ADV INSTR/VOCAL STD:SR RECITAL,Y,,18,0,Patrice Newman,4,,-,,,-,,,-,,.
MUS,415,14,1,10751,ADV INSTR/VOCAL STD:SR RECITAL,Y,,18,0,Rebecca Noreen,4,,-,,,-,,,-,,.
MUS,415,15,1,10752,ADV INSTR/VOCAL STD:SR RECITAL,Y,,18,0,Kelli O'Connor,4,,-,,,-,,,-,,.
MUS,415,16,1,10753,ADV INSTR/VOCAL STD:SR RECITAL,Y,,18,0,Kumi Ogano,4,,-,,,-,,,-,,.
MUS,415,17,1,10754,ADV INSTR/VOCAL STD:SR RECITAL,Y,,18,0,Megan Sesma,4,,-,,,-,,,-,,.
MUS,415,18,1,10755,ADV INSTR/VOCAL STD:SR RECITAL,Y,,18,0,Joshua Thomas,4,,-,,,-,,,-,,.
MUS,415,19,1,10756,ADV INSTR/VOCAL STD:SR RECITAL,Y,,18,0,Libby Van Cleve,4,,-,,,-,,,-,,.
MUS,415,2,1,10739,ADV INSTR/VOCAL STD:SR RECITAL,Y,,18,0,James McNeish,4,,-,,,-,,,-,,.
MUS,415,20,1,10757,ADV INSTR/VOCAL STD:SR RECITAL,Y,,18,0,Jurate Waller,4,,-,,,-,,,-,,.
MUS,415,21,1,10758,ADV INSTR/VOCAL STD:SR RECITAL,Y,,18,0,Maksim Zhdanovskikh,4,,-,,,-,,,-,,.
MUS,415,3,1,10740,ADV INSTR/VOCAL STD:SR RECITAL,Y,,18,0,Emily Boyer,4,,-,,,-,,,-,,.
MUS,415,4,1,10741,ADV INSTR/VOCAL STD:SR RECITAL,Y,,18,0,Thomas Brown,4,,-,,,-,,,-,,.
MUS,415,5,1,10742,ADV INSTR/VOCAL STD:SR RECITAL,Y,,18,0,Gary Buttery,4,,-,,,-,,,-,,.
MUS,415,6,1,10743,ADV INSTR/VOCAL STD:SR RECITAL,Y,,18,0,Christine Coyle,4,,-,,,-,,,-,,.
MUS,415,7,1,10744,ADV INSTR/VOCAL STD:SR RECITAL,Y,,18,0,Ian Frenkel,4,,-,,,-,,,-,,.
MUS,415,8,1,10745,ADV INSTR/VOCAL STD:SR RECITAL,Y,,18,0,Patricia Harper,4,,-,,,-,,,-,,.
MUS,415,9,1,10746,ADV INSTR/VOCAL STD:SR RECITAL,Y,,18,0,Peter Jarvis,4,,-,,,-,,,-,,.
MUS,445,1,1,10832,ADV PRJ IN ELECTRONIC MUS/COMP,Y,,15,0,Andrew Greenwald,4,,-,,,-,,,-,,.
MUS,493A,1,1,10591,CHINESE MUSIC & THEATER,,,16,0,Dale Wilson,4,T R,1900-2015,REMOTE,,-,,,-,,.
NEU,214,1,1,10793,BIOPSYCHOLOGY,,Y,38,0,Ruth Grahn,4,M W,1715-1830,REMOTE,,-,,,-,,.
NEU,215,1,1,10778,SENSATION AND PERCEPTION,,Y,38,0,Joseph Schroeder,4,M R,0830-0945,REMOTE,,-,,,-,,.
NEU,316,1,1,10791,NEUROPHYSIOLOGY,,Y,18,0,E. Carla Parker-Athill,4,M R,1015-1130,,,-,,,-,,.
NEU,316L,1,1,10858,NEUROPHYSIOLOGY LAB,,Y,18,0,E. Carla Parker-Athill,0,R,1345-1645,,,-,,,-,,.
NEU,322,1,1,10795,PSYCHOPHARMACOLOGY,,Y,16,0,Ruth Grahn,4,R,1345-1645,,T F,1530-1645,REMOTE,,-,,.
NEU,336,1,1,10796,NEUROBIOLOGY OF DISEASE,,Y,18,0,Joseph Schroeder,4,W,1345-1645,REMOTE,,-,,,-,,.
PHI,101,1,1,10030,INTRODUCTION TO PHILOSOPHY,,,28,0,Andrew Pessin,4,W,1345-1500,REMOTE,U,1900-2015,REMOTE,,-,,.
PHI,101,2,1,10031,INTRODUCTION TO PHILOSOPHY,,,28,0,Lindsay Crawford,4,M R,1200-1315,,,-,,,-,,.
PHI,201,1,1,10032,HIST OF ANCIENT PHILOSOPHY,,,28,0,Larry Vogel,4,M R,1345-1500,REMOTE,,-,,,-,,.
PHI,202,1,1,10777,HIST OF MODERN PHILOSOPHY,,,28,0,Andrew Pessin,4,M R,0830-0945,REMOTE,,-,,,-,,.
PHI,206,1,1,10033,EXISTENTIAL PHILOSOPHY,,,28,0,Larry Vogel,4,M W,1715-1830,REMOTE,,-,,,-,,.
PHI,220,1,1,10800,PHILOSOPHY OF PERCEPTION,,,28,0,Jordan Ochs,4,W,1345-1645,,,-,,,-,,.
PHI,229,1,1,10036,BIOETHICS,,,16,0,Lindsay Crawford,4,T F,1200-1315,,,-,,,-,,.
PHI,229,2,1,10801,BIOETHICS,,,16,0,Lindsay Crawford,4,T R,1345-1500,,,-,,,-,,.
PHI,244,1,1,10016,MODERN POLITICAL THOUGHT,,Y,24,0,John Coats,4,M R,0830-0945,,,-,,,-,,.
PHI,277,1,1,10034,BURNING RELIGIOUS CONTROVERSY,,Y,28,0,Andrew Pessin,4,T F,1015-1130,REMOTE,,-,,,-,,.
PHI,330S,1,1,10837,SUSANNE K. LANGER'S PHILOSOPHY,,,16,0,Derek Turner Larry Vogel,4,T R,1715-1830,REMOTE,,-,,,-,,.
PHI,440P,1,1,10803,BURNING RELIGIOUS CONTROVERSY,,Y,15,0,Andrew Pessin,4,T F,1015-1130,REMOTE,,-,,,-,,.
PHE,101B,1,3,10805,BEGINNING SWIMMING,,,16,0,Matthew Anderson,1,M R,1200-1250,,,-,,,-,,.
PHE,101C,1,3,10584,GOLF I,,,12,0,Mike MacDonald,1,T F,1345-1435,,,-,,,-,,.
PHE,101F,1,2,10414,INTERMEDIATE SWIMMING,,,16,0,Matthew Anderson,1,T F,1200-1250,,,-,,,-,,.
PHE,101G,1,2,10424,FITNESS I,,,12,0,William Wuyke,1,T F,0830-0920,,,-,,,-,,.
PHE,101G,2,2,10435,FITNESS I,,,12,0,Reuben Burk,1,M R,1015-1105,,,-,,,-,,.
PHE,101G,3,3,10436,FITNESS I,,,12,0,Reuben Burk,1,M R,1015-1105,,,-,,,-,,.
PHE,101H,1,3,10810,BEGINNING SAILING,,,12,0,Jeffrey Bresnahan,1,W,1315-1515,,,-,,,-,,.
PHE,101I,1,3,10790,INTERMEDIATE SAILING,,,12,0,Jeffrey Bresnahan,1,W,1315-1515,,,-,,,-,,.
PHE,101L,1,3,10806,BEGINNING TENNIS,,,12,0,William Wuyke,1,M R,1345-1435,,,-,,,-,,.
PHE,101M,1,2,10434,BEGINNING SQUASH,,,10,0,Mike MacDonald,1,M W,1715-1805,,,-,,,-,,.
PHE,101P,1,3,10415,INTERMEDIATE TENNIS,,,10,0,Christopher O'Brien,1,T F,1345-1435,,,-,,,-,,.
PHE,101R,1,1,10416,RIDING,Y,,100,0,Christopher O'Brien,1,,-,,,-,,,-,,.
PHE,101S,1,1,10417,ADV BEGINNING RIDING,Y,,100,0,Christopher O'Brien,1,,-,,,-,,,-,,.
PHE,101T,1,1,10418,INTERMEDIATE RIDING,Y,,100,0,Christopher O'Brien,1,,-,,,-,,,-,,.
PHE,101V,1,1,10419,ADVANCED EQUITATION,Y,,100,0,Christopher O'Brien,1,,-,,,-,,,-,,.
PHE,101Z,1,2,10420,SKATING,,,12,0,Jim Ward,1,M R,1015-1105,,,-,,,-,,.
PHE,101Z,2,2,10421,SKATING,,,12,0,Kristin Steele,1,T F,1015-1105,,,-,,,-,,.
PHE,102B,1,2,10422,INDOOR ROWING,,,6,0,Richard Ricci,1,M R,1200-1250,,,-,,,-,,.
PHE,102S,1,3,10809,ADVANCED SPIN,,,12,0,Lisa Vogeley,1,M R,1200-1250,,,-,,,-,,.
PHE,104G,1,3,10431,FITNESS II,,,18,0,William Wuyke,1,M R,0830-0920,,,-,,,-,,.
PHE,104G,2,3,10432,FITNESS II,,,18,0,Christina Chappell,1,T F,1015-1105,,,-,,,-,,.
PHE,106,1,3,10835,CAREER SPORTS,,,12,0,Mike MacDonald Christopher O'Brien,1,W,1315-1615,,,-,,,-,,.
PHE,107,1,3,10836,FRESHWATER FISHING,,,8,0,Norm Riker,1,W,0800-1000,,,-,,,-,,.
PHE,110,1,3,10433,SPORTS LEADERSHIP,,,12,0,Marc Benvenuti,2,M R,1530-1645,,,-,,,-,,.
PHE,124,1,1,10427,ESSENTIALS FITNESS/WELLNESS,,,25,0,Norm Riker,4,T F,0830-0945,,,-,,,-,,.
PHE,130,1,1,10428,THEORY OF COACHING,,,12,0,Luke Maher James Nagle,4,M R,1015-1130,,,-,,,-,,.
PHE,130,2,1,10794,THEORY OF COACHING,,,12,0,Ned Bishop Tim Sweeney,4,T F,1015-1130,,,-,,,-,,.
PHE,135,1,3,10429,STRESS MANAGEMENT,,,18,0,Emily Mauro,1,M R,1530-1620,,,-,,,-,,.
PHE,221,1,1,10430,CONTEMPORARY ISSUES IN SPORT,,,18,0,Jim Ward Eva Kovach,4,T F,1200-1315,,,-,,,-,,.
PHY,108,1,1,10104,GENERAL PHYSICS,,,45,0,Daniel Maser,4,M R,0830-0945,,,-,,,-,,.
PHY,108L,1,1,10105,GENERAL PHYSICS LAB,,,15,0,Daniel Maser,0,T,1345-1645,REMOTE,,-,,,-,,.
PHY,108L,2,1,10106,GENERAL PHYSICS LAB,,,15,0,Michael Seifert,0,W,1345-1645,REMOTE,,-,,,-,,.
PHY,108L,3,1,10765,GENERAL PHYSICS LAB,,,15,0,Mohamed Diagne,0,R,1345-1645,REMOTE,,-,,,-,,.
PHY,110,1,1,10107,ADVANCED GENERAL PHYSICS II,,,18,0,Michael Weinstein,4,M R,1200-1500,OLIN 111,,-,,,-,,.
PHY,113,1,1,10766,ENERGY AND THE ENVIRONMENT,,Y,16,0,Michael Seifert,4,T R,1715-1830,,,-,,,-,,.
PHY,320,1,1,10775,THERMODYNAMICS/STATISCL MECH,,,18,0,Ali Kaya,4,T F,1200-1315,OLIN 113,,-,,,-,,.
PHY,404,1,1,10110,QUANTUM MECHANICS,,,18,0,Daniel Maser,4,T F,0830-0945,OLIN 113,,-,,,-,,.
PSY,100,1,1,10390,INTRODUCTION TO PSYCHOLOGY,Y,,13,0,Jennifer Gorman Nakia Hamlett,4,M R,1015-1130,BIL SILFEN AUD,M,1200-1335,BIL 211,,-,,.
PSY,100,2,1,10391,INTRODUCTION TO PSYCHOLOGY,Y,,13,0,Jennifer Gorman Nakia Hamlett,4,M R,1015-1130,BIL SILFEN AUD,M,1530-1605,BIL 211,,-,,.
PSY,100,3,1,10392,INTRODUCTION TO PSYCHOLOGY,Y,,13,0,Jennifer Gorman Nakia Hamlett,4,W,1015-1150,BIL 211,M R,1200-1315,BIL SILFEN AUD,,-,,.
PSY,100,4,1,10393,INTRODUCTION TO PSYCHOLOGY,Y,,13,0,Jennifer Gorman Nakia Hamlett,4,M R,1200-1315,BIL SILFEN AUD,W,1345-1520,BIL 211,,-,,.
PSY,100,5,1,10394,INTRODUCTION TO PSYCHOLOGY,,,15,0,Jillian Marshall,4,T F,1015-1130,BIL SILFEN AUD,T,1345-1520,BIL 211,,-,,.
PSY,100,6,1,10395,INTRODUCTION TO PSYCHOLOGY,,,15,0,Jillian Marshall,4,T F,1015-1130,BIL SILFEN AUD,R,1345-1520,BIL 211,,-,,.
PSY,100,7,1,10396,INTRODUCTION TO PSYCHOLOGY,,,15,0,Jillian Marshall,4,T F,1015-1130,BIL SILFEN AUD,F,1345-1520,BIL 211,,-,,.
PSY,150,1,1,10776,CC: THE BRAIN MEETS THE WORLD,,,38,0,Jeff Moher,4,T F,1015-1130,REMOTE,,-,,,-,,.
PSY,201,1,1,10398,PSYCHOLOGICAL STATISTICS,,,18,0,Jeff Moher,4,T F,1200-1315,REMOTE,W,1715-1830,REMOTE,,-,,.
PSY,201,2,1,10399,PSYCHOLOGICAL STATISTICS,,,18,0,Jeff Moher,4,T F,1200-1315,REMOTE,W,1900-2015,REMOTE,,-,,.
PSY,202,1,1,10400,RESEARCH METH IN PSYCHOLOGY,Y,,25,0,Ann Devlin,4,T F,1345-1500,REMOTE,,-,,,-,,.
PSY,202,2,1,10401,RESEARCH METH IN PSYCHOLOGY,,,25,0,Patrick Rich,4,M R,1015-1130,REMOTE,,-,,,-,,.
PSY,208,1,1,10781,HEALTH PSYCHOLOGY,,,38,0,Lynne Klasko-Foster,4,M,1200-1500,REMOTE,,-,,,-,,.
PSY,210,1,1,10403,PSYCHOLOG DISORDERS/DYSFUNCT,,,38,0,Audrey Zakriski,4,T F,1530-1645,REMOTE,,-,,,-,,.
PSY,214,1,1,10173,BIOPSYCHOLOGY,,Y,38,0,Ruth Grahn,4,M W,1715-1830,REMOTE,,-,,,-,,.
PSY,215,1,1,10404,SENSATION AND PERCEPTION,,Y,38,0,Joseph Schroeder,4,M R,0830-0945,REMOTE,,-,,,-,,.
PSY,307,1,1,10405,COGNITIVE PROCESSES,,,28,0,Ann Devlin,4,T F,1015-1130,REMOTE,,-,,,-,,.
PSY,309,1,1,10782,BEHAVIORAL MEDICINE,,,16,0,,4,M,1900-2200,REMOTE,,-,,,-,,.
PSY,321,1,1,10783,SPORT & EXERCISE PSYCHOLOGY,,,28,0,Ira Martin,4,W,0830-1130,REMOTE,,-,,,-,,.
PSY,322,1,1,10179,PSYCHOPHARMACOLOGY,,Y,16,0,Ruth Grahn,4,R,1345-1645,,T F,1530-1645,REMOTE,,-,,.
PSY,336,1,1,10183,NEUROBIOLOGY OF DISEASE,,Y,18,0,Joseph Schroeder,4,W,1345-1645,REMOTE,,-,,,-,,.
PSY,403,1,1,10780,DISTORTIONS OF MEMORY,,,16,0,Patrick Rich,4,T F,1345-1500,REMOTE,,-,,,-,,.
PSY,413,1,1,10408,SELF-DESTRUCTIVE BEHAVIOR,,,16,0,Michael Armey,4,T,1900-2200,REMOTE,,-,,,-,,.
PSY,416,1,1,10409,CONTROVERSIES IN MENTAL HEALTH,,Y,15,0,Nakia Hamlett,4,M R,0830-0945,REMOTE,,-,,,-,,.
REL,102,1,1,10551,INTRO GLOBAL ISLAMIC STUDIES,,Y,28,0,Caroleen Sayej,4,T F,1015-1130,REMOTE,,-,,,-,,.
REL,165A,1,1,10587,AFRO-CARIBBEAN DANCE I,,Y,15,0,Rosemarie Roberts,4,M R,1015-1130,CRO MYERS,,-,,,-,,.
REL,165A,2,1,10682,AFRO-CARIBBEAN DANCE I,,Y,15,0,Rosemarie Roberts,4,M R,1200-1315,CRO MYERS,,-,,,-,,.
REL,248,1,1,10476,HOLOCAUST/POST-HOL RESPONSES,,Y,28,0,Sharon Portnoff,4,T F,1345-1500,REMOTE,,-,,,-,,.
REL,325,1,1,10673,ANTISEMITISM,,Y,16,0,Sharon Portnoff,4,T F,1200-1315,REMOTE,,-,,,-,,.
RUS,102,1,1,10456,ELEMENTARY RUSSIAN,,,18,0,Andrea Lanoux,5,M WR,0830-0945,,,-,,,-,,.
RUS,202,1,1,10457,INTERMEDIATE RUSSIAN,,,18,0,Petko Ivanov,5,TW F,0830-0945,REMOTE,,-,,,-,,.
RUS,307,1,1,10687,ADVANCED RUSSIAN - FILM,,,18,0,Laura Little,4,T R,1900-2015,,,-,,,-,,.
SLA,107,1,1,10284,"CC:NOMADS, SHAMANS, & MYSTICS",,Y,18,0,Denis Ferhatovic,4,M R,1015-1130,REMOTE,,-,,,-,,.
SLA,203,1,1,10838,MIGRATION AND EASTERN EUROPE,,,28,0,Laura Little,4,M W,1900-2015,,,-,,,-,,.
SLA,494,1,1,10465,ADVANCED STUDY SEMINAR,,,16,0,Petko Ivanov,4,T F,1200-1315,,,-,,,-,,.
SOC,103,1,1,10227,INTRODUCTION TO SOCIOLOGY,,,22,0,Ana Campos-Manzo,4,M W,1715-1830,REMOTE,,-,,,-,,.
SOC,103,2,1,10228,INTRODUCTION TO SOCIOLOGY,,,22,0,Ana Campos-Manzo,4,M W,1900-2015,REMOTE,,-,,,-,,.
SOC,103,3,1,10229,INTRODUCTION TO SOCIOLOGY,,,22,0,Ronald Flores,4,T F,1345-1500,REMOTE,,-,,,-,,.
SOC,103,4,1,10230,INTRODUCTION TO SOCIOLOGY,,,22,0,Robert Gay,4,M W,2045-2200,REMOTE,,-,,,-,,.
SOC,237,1,1,10839,INQUIRY IN BLACK,,Y,25,0,Cherise Harris,4,T R,1715-1830,REMOTE,,-,,,-,,.
SOC,238,1,1,10666,SOCIOLOGY OF HEALTH,,,20,0,Ana Campos-Manzo,4,T R,1900-2015,REMOTE,,-,,,-,,.
SOC,262,1,1,10236,SOCIOLOGY OF FAMILIES,,,18,0,Ronald Flores,4,W,1015-1130,REMOTE,F,1900-2015,REMOTE,,-,,.
SOC,262,2,1,10667,SOCIOLOGY OF FAMILIES,,,18,0,Ronald Flores,4,W,0830-0945,REMOTE,F,1715-1830,REMOTE,,-,,.
SOC,325,1,1,10237,FOUND/DEVELOP SOC THEORY,,,16,0,Robert Gay,4,M R,1530-1645,REMOTE,,-,,,-,,.
SOC,354,1,1,10669,METH SOCIAL RESEARCH/ANALY,,,18,0,Robert Gay,4,M R,1200-1315,,,-,,,-,,.
SOC,407,1,1,10856,THE SOCIOLOGY OF WALMART,,,16,0,Robert Gay,4,T F,1200-1315,REMOTE,,-,,,-,,.
STA,107,1,1,10355,INTRODUCTION TO STATISTICS,,,28,0,Whit Irwin,4,T R,1715-1830,REMOTE,,-,,,-,,.
STA,107,2,1,10356,INTRODUCTION TO STATISTICS,,,28,0,Craig Krebsbach,4,M W,1900-2015,REMOTE,,-,,,-,,.
STA,107,3,3,10789,INTRODUCTION TO STATISTICS,,,18,0,Yan Zhuang,4,T R,1715-2015,REMOTE,,-,,,-,,.
STA,207,1,1,10358,ADVANCED REGRESSION TECHNIQ,,,18,0,Yan Zhuang,4,T F,1015-1130,REMOTE,,-,,,-,,.
STA,209,1,3,10359,INTRO TO TIME SERIES ANALYSIS,,,28,0,Priya Kohli,4,M W,1715-2015,REMOTE,,-,,,-,,.
STA,235,1,2,10768,BIOLOGICAL STATISTICS,,Y,16,0,Yan Zhuang Maria Rosa,4,T R,1715-2015,REMOTE,,-,,,-,,.
SUS,293,1,1,10814,APPLICATIONS OF SUSTAINABILITY,Y,,38,0,Doug Thompson,2,M,1900-2015,REMOTE,,-,,,-,,.
THE,104,1,1,10491,ACTING I: PREPARATION,,,16,0,David Jaffe,4,M R,1200-1415,,,-,,,-,,.
THE,212,1,1,10492,PLAYWRITING: EXPOS TO THE ELEM,,,16,0,Ken Prestininzi,4,M R,1530-1730,,,-,,,-,,.
THE,213A,1,1,10493,PRACTICUM:PRODUCTION INTENSIVE,Y,,28,0,Sabrina Notarfrancisco,1,,-,,,-,,,-,,.
THE,213A,2,1,10494,PRACTICUM:PRODUCTION INTENSIVE,Y,,28,0,Alison Andersen,1,,-,,,-,,,-,,.
THE,213B,1,1,10495,PRACTICUM:PRODUCTION INTENSIVE,Y,,28,0,Sabrina Notarfrancisco,1,,-,,,-,,,-,,.
THE,215A,1,1,10496,PRACTICUM:PRODUCTION PROCESS,Y,,28,0,Alison Andersen,2,,-,,,-,,,-,,.
THE,215A,2,1,10497,PRACTICUM:PRODUCTION PROCESS,Y,,28,0,Ken Prestininzi,2,,-,,,-,,,-,,.
THE,215A,3,1,10498,PRACTICUM:PRODUCTION PROCESS,Y,,28,0,Sabrina Notarfrancisco,2,,-,,,-,,,-,,.
THE,215B,1,1,10499,PRACTICUM:PRODUCTION PROCESS,Y,,28,0,Alison Andersen,2,,-,,,-,,,-,,.
THE,215B,2,1,10500,PRACTICUM:PRODUCTION PROCESS,Y,,28,0,Sabrina Notarfrancisco,2,,-,,,-,,,-,,.
THE,225,1,1,10840,THEATERMAKING 2,,,12,0,David Jaffe,4,T F,1200-1400,,,-,,,-,,.
THE,231,1,1,10502,USA PLAYS/AMERICAN DRAMA,,Y,18,0,Ken Prestininzi,4,T F,1015-1130,,,-,,,-,,.
THE,243,1,2,10501,STAGE MGMT: THE HEART OF IT,,,14,0,Alison Andersen,4,M R,0830-1130,,,-,,,-,,.
THE,247,1,1,10504,COSTUME DESIGN AND CONSTRUCTN,,,10,0,Sabrina Notarfrancisco,4,T F,1530-1730,,,-,,,-,,.
THE,276,1,3,10338,MUSICAL THEATER ENSEMBLE,Y,Y,38,0,. To Be Assigned,1,S,1200-1645,,MTWR,1900-2200,,F,1900-2015,,.
THE,313A,1,1,10506,PRACTICUM: PROD APPRENTICESHIP,Y,,28,0,Alison Andersen,2,,-,,,-,,,-,,.
THE,313B,1,1,10507,PRACTICUM: PROD APPRENTICESHIP,Y,,28,0,. To Be Assigned,2,,-,,,-,,,-,,.
THE,341,1,1,10505,THEATER AND CULTURE II,,,18,0,Kelly Kerwin,4,,-,REMOTE,,-,,,-,,.